Gene_name,Com_Genes_No
SGSH,2962
ENSG00000226490,2963
TIMD4,2962
ZNF572,2963
MACF1,2964
CCDC57,2965
PSMD5,2963
NEK4,2963
TENT2,2965
MRPL11,2964
ENSG00000282034,2963
LINGO2,2964
C2CD4B,2963
ZNF324,2963
BTNL8,2965
PNMA1,2965
REM1,2964
NUP205,2963
SLIT1,2963
CHD3,2965
SNRNP40,2963
SHISAL2A,2964
OR13C4,2963
NFKBIE,2963
INTS12,2964
ATP5F1C,2964
DPH5,2963
USP17L1,2963
ZMYM1,2964
HSD17B14,2965
ASH1L,2963
TADA3,2963
USP12,2964
RASL12,2962
GRHPR,2963
NEK9,2963
TTC7A,2964
FAM185A,2964
ENSG00000273734,2963
EXOSC2,2964
CTSA,2964
SOX4,2963
HRNR,2964
ZFYVE27,2966
RPS6KA5,2964
AKAP5,2962
COL3A1,2963
ZNF727,2963
SLC7A3,2964
UBE2QL1,2963
ENSG00000284976,2964
SLC38A7,2964
ZNF649,2962
NDUFA4,2964
RBL1,2966
KIF1C,2965
TNNC1,2962
GHITM,2963
NDOR1,2965
GTSF1,2965
PTS,2963
ENSG00000267706,2964
C1QTNF12,2963
ENSG00000274322,2964
EFNB1,2964
BUB3,2963
MUC2,2964
GPR27,2962
NR6A1,2965
RAB33A,2965
ENSG00000283952,2964
VCX,2964
ANK1,2963
ENSG00000283782,2963
LYPLA2,2964
PCIF1,2962
IFT57,2964
FUCA1,2963
BEST4,2965
VAV3,2965
TMEM150B,2964
CIAO1,2964
ENSG00000258466,2964
SYN1,2964
KY,2963
ZNF711,2964
SSX5,2963
MC1R,2963
CCDC150,2963
STAT1,2964
SDAD1,2966
INSR,2963
ENSG00000286239,2963
GPR119,2963
POLG2,2962
SPOCK2,2965
LZTS3,2960
PLAAT1,2964
RAD51B,2964
RPL38,2963
FABP9,2963
CTAGE4,2963
ZNF512,2964
PABIR3,2963
SIN3A,2964
ADGRL4,2964
FBXO8,2964
DOK1,2964
BTBD11,2964
ZNF263,2963
CCDC171,2963
ENSG00000141979,2964
GABRA1,2965
AZIN1,2964
MDFIC,2964
B3GNT5,2963
KLF15,2964
ENSG00000196826,2963
RPP40,2964
CYP3A7,2963
RAD52,2964
ENSG00000287542,2963
CHST4,2963
ZFAND6,2962
MRAS,2964
PXN,2963
ENSG00000261884,2963
OR2AE1,2966
SYT15,2963
BTBD6,2964
MCM2,2964
ENSG00000261582,2963
MAFA,2963
TGFB2,2964
ASXL2,2966
SLC25A3,2964
TRBV6-5,2963
KCNG3,2962
TMBIM6,2963
CYTH3,2963
LTBP1,2963
LEAP2,2963
MROH5,2962
TRDV3,2964
PDE12,2963
CPPED1,2965
RIN2,2964
NDUFB2,2963
ENSG00000275464,2963
PDE5A,2965
KIAA1958,2964
DTL,2963
CST9,2962
MMP1,2962
RAB21,2963
BLOC1S2,2963
ENSG00000255439,2963
ENSG00000266953,2963
ENSG00000283189,2963
CBLIF,2963
ABCC6,2962
TRMT61A,2964
TRPV6,2963
C8orf88,2965
GGCX,2964
MAP6,2966
SPANXA2,2964
MEGF8,2963
CFAP300,2964
ATMIN,2963
AXIN1,2963
SF1,2963
COL15A1,2963
SIK2,2964
TAF6L,2963
STEAP4,2963
PGAM4,2964
MYO5A,2964
GLRA1,2964
F12,2963
HLCS,2962
ITFG1,2963
CNOT8,2962
OGA,2962
MSH5,2964
BAK1,2964
FICD,2964
ENSG00000285762,2963
SNRPB2,2963
TLE5,2964
TESK1,2964
FNBP1L,2962
UBR2,2963
C1orf68,2964
ENSG00000254692,2963
CD164,2964
EMC7,2963
ZKSCAN3,2963
UBN2,2963
PBX2,2966
ZNF717,2963
ZBTB12,2964
ZBBX,2963
GLCE,2964
WWC2,2965
SNRNP48,2964
MDH2,2965
PELO,2963
FAM86B2,2963
MAP3K10,2964
AZGP1,2964
COX6B2,2962
RFT1,2965
GALR3,2963
SCUBE1,2964
ENSG00000249624,2963
ENDOU,2961
CFHR3,2965
IGLV3-19,2963
ENSG00000284976,2963
PRMT1,2963
TRIM61,2964
MALT1,2963
CD300A,2963
GEM,2963
PYHIN1,2963
DEFB135,2963
PRXL2A,2964
APOB,2964
TAS2R7,2962
POLRMT,2964
NHLRC3,2963
ATG5,2963
PRAME,2964
OR5M11,2963
C2orf50,2963
TRAJ30,2964
DYNLRB1,2964
PAOX,2964
TRMT12,2968
C15orf61,2965
MRNIP,2963
TBATA,2963
BOLL,2963
RAB26,2963
TTC30B,2962
SOX1,2965
DARS1,2963
PHF23,2965
TREM1,2963
RPL22,2964
DDX28,2965
CCT7,2962
NMI,2963
SH3YL1,2965
ENSG00000275740,2964
PDZRN4,2965
COX14,2963
KRT10,2962
DMRT3,2963
MEIS3,2964
EVI2B,2962
ENSG00000284461,2963
UCK1,2965
ENSG00000272305,2963
COL23A1,2965
ZNF430,2962
CDKN2AIPNL,2965
SH3PXD2A,2966
THAP7,2963
OR2C3,2964
CLEC3A,2966
ENSG00000272647,2964
NFKB2,2964
ENSG00000286239,2964
USP46,2962
OARD1,2964
NTNG2,2965
DLX3,2964
IGKJ4,2965
MRPS18C,2965
ZNF416,2963
HGSNAT,2965
HPCAL4,2964
C9orf153,2964
SMAGP,2963
PTPN9,2964
MEF2B,2963
ENSG00000254553,2963
SATB2,2963
RIPOR2,2964
NUDT21,2964
THUMPD2,2963
ACTR6,2964
OR5B2,2963
TUBA1B,2964
DNAJC10,2965
BPTF,2963
MS4A5,2963
PROM1,2962
ARHGEF33,2963
PPP1R18,2963
CCNQ,2964
ERAP1,2964
HNRNPC,2963
ZNF582,2964
GPATCH11,2963
ENSG00000288570,2964
TSPAN14,2964
IGHV4OR15-8,2964
ELMOD3,2964
TRPC4,2966
BCAS2,2963
MAPK1,2963
APOA1,2965
TGFBI,2966
GPAT4,2964
PIGQ,2964
ZNF98,2963
FUNDC2,2965
ENSG00000285330,2964
DPF2,2965
SIRT4,2964
FCGR2B,2962
ALG12,2964
BLZF1,2964
LINC00514,2963
PCDHA11,2963
HPS4,2966
STH,2964
GARRE1,2964
OR11G2,2963
ENSG00000283580,2963
NDUFA9,2965
DYNLRB2,2964
CDH16,2963
ENSG00000257767,2963
OR52D1,2963
BARX1,2964
VPS36,2963
CHRNB4,2964
KCTD10,2964
RPL21,2964
ZNF12,2963
ERN1,2963
KRT222,2965
SUN5,2964
UNC93B1,2964
RGS8,2963
RASGRF1,2963
EIF3E,2963
MRPL35,2964
ANKRD9,2962
POLR1F,2964
DNASE1L2,2963
ENSG00000273049,2963
ENSG00000261832,2963
SPRR2A,2962
NSMAF,2964
IGHV3-64D,2965
SLCO1B7,2964
PLRG1,2963
DCP2,2963
PCDHB5,2962
C2orf42,2962
NSD3,2963
FRMPD3,2964
TNK1,2963
RBM20,2963
APLF,2964
INSL6,2963
PTPRT,2963
CYP4V2,2963
HTR1A,2963
ENSG00000288593,2963
NUPR1,2963
MSANTD2,2964
EVX2,2964
RABEP2,2963
ENSG00000273025,2963
PARM1,2965
CHL1,2963
LCN6,2963
ENSG00000261130,2964
ENSG00000255104,2963
ENSG00000283580,2963
SLC44A3,2964
MSRB3,2964
RALY,2964
PGA4,2964
ALX1,2962
FAM161B,2962
SARDH,2964
PCDH20,2963
NAT8L,2964
DOP1A,2965
TEX43,2965
SIX5,2963
SPACA3,2963
BLACAT1,2965
CKMT1B,2963
GLUL,2963
ENSG00000284461,2964
CDK5RAP3,2963
ACOT4,2964
MON1A,2964
MAP9,2965
DDTL,2963
HSPA13,2963
MCM3,2963
ENSG00000257355,2964
THRSP,2963
SMYD5,2962
ODF2L,2963
LIPN,2963
WT1,2964
TRAV26-2,2963
TSEN15,2963
CLTRN,2963
PRDM10,2963
SLC7A10,2962
L3MBTL4,2962
HEATR3,2964
LY6G5C,2963
ENSG00000286135,2964
HEMGN,2964
CARM1,2962
USP53,2964
CYP3A7-CYP3A51P,2963
KLK6,2963
MAIP1,2964
SMG1,2964
CLDN4,2966
UNCX,2964
CST3,2963
TPRA1,2964
PHIP,2964
ANKRD13D,2964
C2orf81,2963
TMED9,2964
PTRH1,2963
OR2M2,2965
RTL8B,2963
ASB6,2963
ZBTB45,2964
CDIPT,2965
LPCAT3,2964
BRINP3,2964
PEX14,2964
MRPL4,2964
IRF9,2965
MPP2,2962
NEK7,2963
API5,2965
DHTKD1,2964
GOPC,2965
GUCA1B,2963
CCDC82,2964
BCAR3,2962
ARFGEF3,2963
INA,2962
GAL,2963
RPH3A,2965
MPHOSPH10,2965
RBMY1J,2965
SCN4A,2965
SH3RF1,2963
ZNF571,2963
FAAP100,2964
LUC7L3,2964
RSAD2,2964
IGLV3-10,2964
PDXK,2962
DUOX2,2965
ENSG00000272822,2963
PTGER2,2962
LDLRAD1,2964
SLC18A3,2963
ENSG00000262660,2964
JSRP1,2964
ENSG00000249967,2963
TNNT3,2964
LRRC52,2966
TEAD3,2966
ALDH3A2,2963
GDI1,2964
DCUN1D4,2965
ZIC2,2963
CATSPER3,2963
TTBK2,2964
CPSF6,2966
GBP7,2964
PUS3,2964
ENSG00000273171,2964
DNMT3B,2964
YDJC,2964
GDAP2,2963
ZNF419,2964
PRKD2,2963
USP21,2964
TMEM88B,2962
AMBP,2965
ENSG00000259916,2963
OPA1,2963
IMP3,2963
DCDC2B,2965
LIPM,2966
DFFB,2963
PARD6B,2964
SLC2A7,2963
HOXB3,2963
MIER1,2963
POLR2L,2963
SDCCAG8,2964
ENSG00000283663,2963
PGK1,2964
ENSG00000284526,2963
KCNA7,2964
DIRAS1,2965
TOMM7,2964
ZACN,2963
ENSG00000288000,2963
NDC1,2963
OR8H3,2963
RAB3GAP1,2963
TBCD,2963
GATA4,2962
LYG1,2964
GTF2H2C,2963
IGKV1-12,2964
OR2AP1,2963
BNIP1,2965
RAB41,2963
BHMT,2964
ADAMTS16,2963
VSX2,2964
IGFBP3,2964
COA7,2963
GZMA,2963
RPL17,2964
ENAM,2963
OR4D11,2965
ENSG00000249624,2964
AFF3,2963
RFX4,2963
MLLT3,2964
CD8B2,2964
KCTD3,2962
KRR1,2963
MRPL45,2964
IFT27,2963
OR10G8,2963
SLC10A5,2964
PECAM1,2963
HLA-DPB1,2965
MARCHF1,2962
NCEH1,2964
TBL2,2965
TRGV2,2963
LRRC42,2963
RHBDL2,2963
TRIM34,2964
CHN1,2964
TRAPPC2B,2963
H2BW2,2963
SIKE1,2963
WIPF1,2963
ENSG00000288000,2963
CLVS1,2963
ENSG00000272897,2963
TMED5,2964
ADORA3,2962
OR51G1,2963
SSU72P7,2963
SLC25A37,2962
LEF1,2966
PCDHB4,2965
CCDC88A,2963
CCNP,2963
ERCC6L,2966
TRBV6-1,2964
UBE2J1,2965
G0S2,2965
SMIM26,2965
RPL31,2963
ACO2,2963
ENSG00000258461,2963
H2AC4,2962
CEP83,2962
ENSG00000286135,2963
NCBP2,2964
TOMM34,2963
SCML2,2964
ZC3H18,2964
CCPG1,2965
CD2AP,2962
SAMD15,2964
ENSG00000285471,2964
ELK4,2964
S1PR4,2964
VGF,2964
CUZD1,2963
CNKSR3,2963
IGHD4-17,2961
CCDC163,2963
ENSG00000260170,2964
RFC3,2964
CLMN,2964
LETMD1,2964
BTBD10,2963
CYTH2,2964
ACSM6,2965
TRIM47,2963
HMCN2,2965
CENPVL1,2964
C12orf73,2963
IGLV1-47,2964
SDK1,2963
TREX1,2962
UBQLN3,2963
SLC15A4,2964
S100A6,2963
RAB32,2964
S100A2,2963
ENSG00000285589,2963
APELA,2964
FKBP3,2962
CFAP58,2963
RNF149,2964
ENTPD3,2964
TDRP,2964
LZTFL1,2965
KDM7A,2965
AR,2964
SLCO4C1,2964
PHF14,2966
GADD45B,2963
TRBV3-1,2963
CES2,2965
ENSG00000269035,2964
ZNF19,2964
PXMP4,2964
ID4,2965
SPAG11B,2964
VNN3,2963
ZNF610,2962
PLCXD1,2963
MIPOL1,2965
ENSG00000288591,2963
ANKDD1A,2963
NUP160,2963
IQGAP2,2964
TRPV5,2963
MT-ATP8,2965
ACTRT1,2963
CYP2A13,2962
ENSG00000285330,2964
SLX4IP,2963
FAM71C,2963
SMCR8,2963
PXMP2,2963
POLE2,2964
HMGN2,2965
ENSG00000254692,2963
PARVA,2962
MFSD2A,2962
ITGB4,2963
HEG1,2963
ZNF780A,2965
AFDN,2964
KIF9,2962
PARP14,2964
ATF4,2964
SEPTIN3,2965
ENSG00000258691,2963
FAM240A,2963
ZNF705D,2964
RFPL1,2962
KCNK1,2963
FBXL12,2963
AHSA1,2963
MS4A8,2963
IGLC7,2964
ENSG00000280537,2963
LSAMP,2964
ZFYVE26,2962
HERPUD2,2963
RASGRP2,2962
PCDHB8,2964
KPNB1,2965
CDIP1,2964
CYP2D6,2964
PCNP,2963
MKKS,2964
PTPRF,2962
UBE2L6,2964
ARHGEF4,2963
ZRANB2,2963
ENSG00000261832,2964
TRIM43B,2964
FAM219A,2963
C1orf216,2964
SLC22A18AS,2963
STT3A,2963
QRICH2,2964
PTPRO,2964
CETP,2963
DYSF,2962
PACSIN1,2964
RREB1,2964
ZDHHC3,2964
ENSG00000283205,2963
IGLV2-18,2964
ENSG00000288000,2963
MUC6,2964
AREL1,2963
SNX21,2961
H2AJ,2962
DEFA3,2963
SOAT2,2962
MFAP5,2964
NPY4R,2964
HECTD2,2963
PSAT1,2964
TMEM47,2964
MSRA,2963
UPK3A,2963
ANAPC2,2963
HNF1A,2964
SLC52A1,2964
UGDH,2964
TAZ,2963
SPINK6,2964
CLCA1,2964
ENSG00000279956,2963
TRAJ24,2963
FRZB,2963
MIS18A,2964
RPRM,2962
CPA3,2964
ENSG00000273217,2964
ENSG00000205236,2963
IGSF23,2964
ITPR2,2963
B4GALNT2,2964
SFRP2,2965
FOXH1,2964
SS18L1,2964
ENSG00000257767,2963
ENSG00000267706,2964
PRMT5,2964
GTF3C2,2963
GRIA2,2964
ATXN10,2963
OR8K5,2962
ATP6V1E1,2964
SDF4,2965
NIM1K,2964
TEX26,2965
ZNF511,2964
ABCC5,2964
LRRC3,2963
C6orf58,2961
EGFLAM,2962
ANKK1,2963
UAP1L1,2964
SCUBE3,2965
ENSG00000284431,2963
LBH,2964
LGI2,2964
ZNF775,2964
GRIN3A,2964
NAXD,2963
HROB,2963
GPC1,2963
RAD23B,2963
ESPNL,2964
CDC14B,2964
ANXA11,2963
SS18,2965
CSGALNACT2,2966
CACNA1I,2964
ZNF100,2963
PLA2G10,2963
GPR150,2964
TSPOAP1,2963
VSIG1,2962
PIGA,2964
AURKA,2963
AMER2,2966
OR2S2,2963
ENSG00000283149,2964
MSH4,2964
ENSG00000267740,2964
TRBJ1-1,2964
CRABP1,2965
GPR151,2965
DUSP28,2964
CPLX2,2963
TDGF1P3,2963
PGM2L1,2964
SFXN1,2964
NKG7,2963
PTPN22,2964
RCBTB2,2964
ENSG00000288570,2963
SCGB1D2,2964
TAL1,2964
ARHGEF37,2964
KLHL14,2962
ENSG00000274944,2964
PHF19,2964
PLCD1,2963
SPRY4,2963
MAPK7,2963
CHD1,2964
KIF16B,2964
TM7SF3,2963
AKAP3,2965
CYHR1,2964
MASTL,2963
CHPF,2965
CIBAR2,2963
GGT6,2963
DDX10,2964
B4GALT3,2965
CA5B,2965
CLP1,2963
BBOX1,2963
BORA,2963
TSPAN15,2964
ZMYM5,2965
NEMP1,2964
PSMB10,2963
NUDT7,2963
MBTPS2,2965
SLC28A3,2963
LRRC75A,2964
ENSG00000173867,2964
NDRG1,2964
SSH3,2963
ZSWIM4,2965
ENSG00000259753,2964
ENSG00000173867,2963
ANKRD13A,2963
NDUFA11,2963
RASGRP1,2964
PSMD11,2963
KCNIP3,2963
ZNF710,2963
ACOT6,2963
ENSG00000284762,2964
TRAK1,2963
SMARCA2,2966
PHKG1,2965
SIAE,2965
SPTSSB,2964
G6PC3,2964
ZPBP,2963
COL6A6,2963
C1orf174,2963
ZSCAN25,2964
RMDN1,2963
ENSG00000285446,2963
CPN1,2963
NXF1,2964
KRTAP20-4,2963
MTHFD1,2963
DACT3,2963
PIH1D1,2964
CD52,2962
ENSG00000285976,2963
TMC8,2964
ASPRV1,2963
COPS7B,2965
TRAJ9,2965
ATP8A1,2964
GREM2,2963
ENSG00000273734,2963
HGFAC,2965
ELOVL6,2964
KRTAP29-1,2965
PIP4K2B,2962
TUB,2964
PPARA,2964
RELA,2962
ITGAD,2962
MNX1,2964
IFNA14,2963
NCOA5,2963
OR4K2,2964
KCNC4,2964
FBXO21,2965
TUBAL3,2963
EPHA10,2963
ENSG00000283952,2967
YWHAG,2964
ETV5,2963
EIF5A,2966
AKNA,2964
SQSTM1,2964
ZNF705G,2963
XPO5,2963
PRSS57,2963
SELENOP,2962
RASSF2,2963
SYAP1,2965
ZNF140,2964
LPAR3,2965
SGCZ,2964
TRAF5,2965
ENSG00000173867,2964
RUVBL2,2963
MPZL2,2965
RBBP9,2964
CCL20,2965
ENSG00000288208,2963
CCBE1,2964
NRN1,2964
FAM71B,2963
ENSG00000261832,2963
ZNF433,2962
FAM181B,2964
NETO2,2964
TTC34,2963
ENSG00000254692,2964
GUCA1ANB,2963
PNKD,2964
CHST14,2964
ENTPD7,2965
COX18,2964
HMGCS1,2964
PPP2R2A,2964
BLOC1S5-TXNDC5,2963
ODAD4,2962
PDCD1LG2,2965
SNAPC2,2964
ENSG00000282218,2963
IGHD1-1,2964
ZCCHC17,2965
KRTAP6-2,2962
ANK3,2964
LZTS1,2964
CORO1C,2963
DUS1L,2963
FANCB,2963
IPO9,2964
GASK1A,2964
SCARA3,2964
NADSYN1,2964
RAB3B,2961
KLHL3,2963
NME7,2965
RPIA,2965
INSL4,2963
WFDC1,2963
FADD,2965
PDE9A,2965
CDH7,2962
RWDD2B,2963
ENSG00000282218,2964
DIO2,2963
JMJD7,2963
FAM193B,2963
OIP5,2964
TREH,2963
ZNF658,2964
GNB2,2963
HRCT1,2964
TAS2R43,2964
GHR,2963
ADCY3,2963
UBL4A,2964
RNFT2,2964
ENSG00000273171,2963
KRTAP16-1,2962
KPNA7,2963
SFXN5,2963
KANK2,2965
IGKV3D-20,2963
RPS25,2964
ENSG00000256349,2963
GIPC3,2964
CDC34,2963
CREB5,2964
MAP3K11,2963
SF3A3,2963
TBCE,2963
RPL3L,2964
YIPF4,2963
PTN,2964
UQCR10,2963
RASD1,2963
HK3,2964
LY6E,2964
INTS1,2963
MAP3K4,2962
INO80B,2962
CD68,2963
DCT,2964
CLYBL,2963
NME9,2964
PPRC1,2965
SULF1,2962
TERF2,2963
IL17RA,2963
LARP4B,2963
TFPT,2964
C19orf47,2964
HOXA1,2962
IGHV3-13,2963
AUH,2962
IYD,2964
KRTAP1-1,2964
ENSG00000125695,2963
INS,2964
ENSG00000285000,2963
ENSG00000268083,2963
NSUN6,2962
LRRC39,2964
NUDT17,2962
OR5A1,2962
CHMP5,2962
KCNC1,2963
PALMD,2964
ENSG00000258864,2963
MYH15,2962
ZFYVE9,2965
PLEKHH2,2964
RIPPLY1,2963
AIFM2,2965
SIRPB1,2965
CRIP2,2963
PLAAT4,2962
ENSG00000251184,2963
PAIP1,2964
ENSG00000236543,2963
TPO,2963
APOE,2964
P2RY1,2963
TOE1,2964
TGIF1,2964
ENSG00000284989,2963
TIMM23B,2964
MIA-RAB4B,2963
COPG2,2963
SEC14L3,2963
DNAH5,2965
GPC4,2964
RPS11,2963
STK38,2964
ENSG00000272822,2963
SLCO2B1,2962
RNASE3,2963
GSG1L2,2963
SLC6A15,2964
TIPARP,2964
MUC20,2963
CMC1,2964
FAM76A,2963
CHRM1,2963
NUBPL,2965
TNS4,2964
OR10W1,2963
PCARE,2964
RARG,2962
FTSJ3,2964
TRIM67,2963
RBM41,2963
AGRN,2963
TMCO4,2964
RRP1B,2963
C17orf107,2963
PARN,2963
POLR2G,2963
ZNF268,2963
PIK3CG,2964
ST8SIA6,2963
LIPF,2964
ENSG00000257355,2964
RHOV,2964
ACYP1,2965
PNPLA4,2963
TTC22,2964
CHKA,2964
C4orf54,2963
RCOR1,2963
VWA1,2964
ENSG00000260170,2963
C15orf40,2962
CLN5,2964
POU3F3,2964
KCNIP4,2962
POP1,2963
SPPL2A,2964
CHRNA7,2964
GPSM1,2963
GLMN,2965
MPHOSPH9,2962
BRINP2,2964
MCUR1,2963
YPEL3,2963
ZNF625-ZNF20,2963
DCAF8L2,2965
KCNRG,2964
ENSG00000284393,2963
LY86,2963
ENSG00000275740,2963
ITM2B,2964
IGLV2-14,2963
SPOCD1,2963
DIP2C,2963
GPR137B,2964
KCTD12,2963
RPLP2,2963
TIMM29,2962
ENSG00000284393,2963
PRKAR2A,2964
BSPH1,2963
NGEF,2961
OR6N2,2963
MAN2C1,2964
PRR30,2964
SLITRK1,2964
DECR1,2963
S100A10,2963
EAF2,2964
WIZ,2962
DAAM1,2963
RIOX2,2963
ENSG00000267740,2963
TUBB3,2963
FBXL18,2963
TRPC6,2966
RPS6KA3,2964
COMMD7,2965
ENSG00000267881,2963
CACNB4,2963
PRELID3B,2965
ZBTB2,2962
MRPS26,2964
FGF3,2964
H2AC15,2963
LCE1A,2965
KRT85,2964
PRPF19,2964
LHX5,2963
PPP1R3E,2963
ENSG00000248710,2964
NUDT9,2963
ARMCX2,2963
FAM172A,2963
ENSG00000254692,2963
CBX3,2964
TBX10,2963
TMEM9B,2963
NLRP8,2963
NDUFAF6,2964
ENSG00000262526,2963
MANF,2962
LRRD1,2962
TEAD1,2961
ARSH,2963
CNGB1,2965
ENPP2,2964
EBAG9,2963
NPHP1,2963
NF2,2963
STAT3,2963
MAP3K7CL,2963
ENSG00000258461,2963
DDX59,2963
HYOU1,2964
TMEM202,2963
C19orf38,2964
MMD2,2966
NUGGC,2962
N4BP1,2964
ENSG00000256349,2963
MTMR7,2964
MSANTD4,2964
SHCBP1,2963
ENSG00000283228,2963
ELAC2,2963
HSPD1,2964
CES1,2964
SLC25A11,2963
CCR7,2964
ZDHHC21,2964
VPS26A,2964
CLEC10A,2962
TRMT13,2964
CACNG7,2962
TMEM128,2962
OR2F1,2964
DNAJB1,2964
SOWAHC,2964
LZTR1,2964
AK8,2963
SERPINE1,2965
CBWD2,2963
CASP7,2964
SRP14,2963
LRRC38,2965
OOSP2,2964
TMEM139,2963
LENG1,2962
DYTN,2961
ENSG00000256950,2963
RAB1B,2964
ACACA,2964
ENSG00000258529,2963
VCPKMT,2965
KIFAP3,2964
IK,2963
CACNB2,2965
TJP1,2963
GABRB1,2963
PHEX,2963
ENSG00000188223,2963
CMTR2,2964
EGR1,2964
PLAC1,2964
CDT1,2963
TRMT9B,2964
ENSG00000250644,2963
FBLN2,2965
ZNF593OS,2964
DENND11,2963
MS4A1,2963
IFNA5,2965
ATP6V1B1,2962
ATP11A,2965
CNDP1,2964
MACC1,2963
CD163L1,2965
INSL3,2962
MX1,2964
CXCR5,2963
IGKV1-27,2963
RBMY1D,2962
RBMXL3,2964
LDLRAD2,2964
OR5V1,2962
ENSG00000288593,2963
ATP1A1,2964
MDH1,2964
TCF4,2963
GFER,2963
LPCAT4,2963
ENSG00000285505,2963
ENSG00000285171,2962
ENSG00000284526,2963
SETD2,2964
PSMA2,2963
ARSG,2963
GSS,2964
FAHD1,2964
UGT2B17,2964
COL4A3,2962
ENSG00000259522,2964
ZNF701,2964
ABCC4,2963
NEDD9,2965
ZNF415,2963
SLC30A5,2964
GSG1,2963
SCFD1,2964
ACADVL,2962
ENSG00000205236,2963
METTL23,2963
ZBTB8B,2962
TRGV11,2964
FRK,2965
POLE,2964
MORC3,2963
DDX3X,2963
CTU2,2964
AASDH,2965
DRGX,2964
CCDC181,2964
COX7B,2966
TIMM21,2965
KIZ,2963
ANGPTL8,2963
FAM89A,2963
ENSG00000188223,2963
HMGA1,2964
GALNS,2963
PHB2,2965
FAM246C,2964
IGKJ2,2963
TAF11L3,2963
C3orf18,2964
ENSG00000268361,2963
NRROS,2964
RPF1,2964
OR6C1,2964
LSM3,2964
EFNB3,2964
FCHO2,2964
STBD1,2963
KAT6B,2965
SEC23A,2963
IGHV3-66,2963
TJAP1,2964
MYBPC1,2962
SLC35D2,2964
PPP1R21,2964
CHTF18,2964
MAGEH1,2963
ENSG00000259753,2964
TMEM184A,2963
ZNF672,2964
HSFX1,2962
ENSG00000286268,2963
ARL6,2964
CCND2,2965
SEMA3C,2964
C20orf202,2963
KIF4B,2963
SLC1A4,2963
DUX4,2963
EN2,2964
ZNF2,2964
CCL11,2963
ENSG00000286015,2963
ENSG00000272647,2963
HMGN5,2962
CLEC4F,2962
FATE1,2965
HNMT,2963
HK1,2964
DDX25,2965
RGS3,2963
NLGN4Y,2966
ANKRD36C,2963
ENSG00000283952,2963
IGFL3,2963
NOP10,2963
ENSG00000285171,2962
ZXDA,2965
WDR45B,2963
MTNR1B,2964
ZNF519,2964
DHX29,2963
TSPYL5,2964
GPANK1,2964
GOT1,2963
SMOC2,2963
SCCPDH,2964
C3orf20,2963
CARD19,2964
GNMT,2964
TEX30,2964
DPYSL2,2963
MPC1L,2963
KIAA0100,2965
CAPZA1,2965
IFNA2,2962
PBX4,2963
FER1L6,2963
SULT1A1,2965
DYNAP,2965
CLIC5,2964
TLCD1,2963
NUP214,2964
DDX52,2963
FCHO1,2963
MCEMP1,2964
ERVFRD-1,2963
CIDEB,2963
PAK6,2963
ENSG00000284526,2963
UBLCP1,2963
TMEM247,2962
CENPO,2964
RSAD1,2964
VPS11,2963
EPOP,2963
CADM2,2966
FKTN,2965
FEZF1,2963
ADGRG6,2964
MTCP1,2965
VAV1,2965
GRHL2,2964
ZBTB21,2964
ENSG00000285526,2963
CP,2962
ENSG00000272305,2962
UTP15,2963
NR1D2,2963
STK38L,2963
ARMCX4,2964
EML3,2962
ENSG00000275674,2963
LACRT,2963
NUDT5,2963
TM6SF2,2965
NEIL2,2964
GKN3P,2965
MYH14,2963
TTC9C,2963
FAM169A,2964
ASB9,2964
LPAR2,2964
VAMP7,2965
SCP2D1,2963
ST8SIA2,2963
NTC,2963
IL6ST,2964
PRR23A,2965
CZIB,2966
BIRC7,2965
ECI2,2964
ABCC9,2963
ZNF528,2964
LSM14A,2964
A4GNT,2963
TTLL2,2963
ENSG00000285897,2963
ENSG00000283201,2963
ATP5F1B,2963
FOXJ1,2963
COX7A2L,2963
CD28,2963
RANBP3L,2963
C8orf44-SGK3,2963
RASA4B,2963
ENSG00000282034,2963
CD300LF,2963
TARBP2,2963
CXCR1,2964
CACNA1E,2964
SELENOS,2963
DPM1,2963
ENSG00000259916,2964
TBC1D10C,2963
OR4K13,2964
BROX,2963
ENSG00000284976,2963
ASTN1,2963
EMC10,2963
CBFA2T2,2963
RP1,2966
FAM83E,2963
GRHL3,2965
ENSG00000261341,2963
IDO1,2964
MARCHF3,2964
KRT9,2962
SOX14,2963
CPT1C,2964
SNRNP27,2963
NDUFAB1,2963
ZIM2,2963
RIF1,2963
LCMT2,2963
ENSG00000275740,2964
SLC25A39,2963
MBP,2964
ENSG00000287542,2963
CFAP61,2963
ZP2,2962
GLRX3,2966
VEZT,2963
ENSG00000255439,2963
ALDH18A1,2963
FER,2963
MFAP4,2964
ENSG00000283782,2963
XPO1,2963
CKB,2963
TBC1D3B,2963
ENSG00000251184,2963
ARHGEF17,2963
PTGS2,2965
ZNF827,2965
STRA6,2963
IL1R2,2964
ENSG00000262633,2963
ENSG00000124593,2963
ZNF28,2964
DMXL1,2964
LHCGR,2963
HACE1,2963
DYRK1B,2964
PLPPR3,2963
DNAJC12,2964
ALDH1L2,2962
C21orf62,2963
FBXW2,2964
TRAV26-1,2964
ELK1,2964
GMNC,2962
ERMARD,2964
SNCB,2964
ENSG00000262526,2963
CLDN9,2963
ENSG00000258989,2963
KMT2A,2964
OLIG1,2964
MSANTD5,2964
PPP1R2C,2963
RFC1,2963
SMIM6,2963
C1QB,2962
SMAD6,2963
BCOR,2963
PLA2G2C,2964
SEMA4F,2963
HP,2964
WNK4,2963
COPRS,2965
ENSG00000262633,2963
GALNT11,2963
HAUS4,2963
MFSD1,2963
TRAJ7,2965
RAI2,2962
SNX30,2965
TAP1,2962
UCN2,2963
ENSG00000272822,2963
ENSG00000254979,2963
ENSG00000256950,2963
ABCC11,2965
SUMO2,2962
FAIM,2965
MTF1,2963
FKBPL,2964
NPC1,2963
TRMT112,2963
KCNK15,2964
SYNGR2,2965
C1S,2964
OR5D18,2963
NBPF3,2964
CRISPLD1,2964
ENO3,2964
G3BP2,2964
OXER1,2965
TAF11L2,2964
WDR6,2964
SOBP,2964
ENSG00000285589,2963
FBRSL1,2964
SF3B3,2963
ENSG00000260092,2963
H3C7,2963
CDC123,2964
DPH7,2964
CXCL10,2964
MAGEC1,2962
INSRR,2963
ATP7B,2965
KDF1,2963
ADH6,2963
MCF2L2,2963
WWP2,2963
MUC5B,2962
LFNG,2962
BOC,2962
ENSG00000230707,2963
TRIM49D2,2964
ENSG00000284393,2963
MRPL38,2964
LRRIQ4,2964
FCER1G,2963
VDAC1,2965
PI4K2A,2963
ZBED3,2963
SOGA3,2964
NACAD,2965
OPN4,2962
HNRNPA0,2965
OTOA,2964
ANKRD66,2963
RAC1,2963
APOBEC4,2963
ENSG00000267740,2963
KHDRBS2,2963
FSTL1,2964
TCF7L1,2961
RETREG2,2964
TEX13C,2966
INTS6,2963
OCA2,2964
ADRA1A,2963
ZBED6,2965
AHCY,2963
CNTN4,2963
PIGF,2964
C3orf70,2963
RAB27B,2965
CAD,2964
ATP11B,2965
BMP1,2964
TRDJ3,2962
NOX5,2963
ENSG00000283205,2963
EREG,2963
NBPF9,2963
QRICH1,2963
KLHL41,2964
OR13C9,2963
DNAAF5,2964
ENSG00000260092,2963
RANBP10,2963
CCND1,2963
ALDH2,2963
HMCES,2965
ENSG00000286221,2964
ERICH3,2964
VSX1,2963
EFCAB8,2964
CASQ2,2962
KLHDC3,2964
ENSG00000256861,2964
PTPRC,2964
DSG2,2963
P3H3,2965
EIF3G,2963
PDE1A,2965
NOTCH2NLR,2963
TMEM255A,2964
BIRC2,2964
ENSG00000283663,2964
ANKRD10,2964
FBXL20,2962
HIGD1B,2962
IGHV1-69D,2963
ZNF676,2964
SERPINI1,2965
ADD1,2964
PAPPA2,2965
SLC6A19,2963
ZNF737,2964
CDH9,2964
TMEM217,2963
NPEPPS,2965
MGRN1,2963
INTS7,2964
EFCAB5,2963
OSTC,2963
GPER1,2963
NRG1,2965
SELENON,2964
CRISPLD2,2964
GON4L,2964
RAD54L2,2963
ENSG00000285589,2963
PRPH,2962
ASIC4,2964
GAS7,2964
CAPZB,2964
SLC7A8,2965
UHRF2,2964
SHOX,2964
ETDC,2963
ENSG00000262633,2963
C7orf31,2964
SLC35F5,2963
KIAA0040,2966
HSPB6,2964
RPL28,2964
LDLR,2963
ARSB,2963
ERBB2,2963
FSHB,2964
ENSG00000259522,2963
SRA1,2965
UCHL1,2963
F3,2963
SHISA8,2963
PALLD,2964
CNOT6,2963
MACIR,2964
LBX2,2963
HLA-A,2964
CLUAP1,2963
GCNT3,2964
SPINK9,2965
ABHD16B,2963
IKBKG,2964
PPP2CB,2964
TERF2IP,2964
MAP2,2962
GPR32,2962
SCRN3,2963
TOX3,2964
ENSG00000258864,2964
IGHV1-2,2963
SLC9A4,2962
ANKRD34A,2962
SIMC1,2964
PSMA3,2963
DOLK,2964
TBC1D28,2963
UCMA,2964
STEAP1,2964
IL18RAP,2963
SEMA5B,2964
GRM3,2964
PCDHB11,2963
KDM3B,2964
ATRIP,2963
SDR16C5,2963
TMEM207,2964
ENOPH1,2963
TOR2A,2964
HPDL,2964
TASP1,2964
MEX3B,2965
SIGLEC9,2964
CD3E,2965
ENSG00000141979,2964
PIK3CA,2964
CCDC7,2965
MUL1,2963
ROPN1,2964
AQP4,2963
ATP8A2,2964
MAP2K2,2962
PROS1,2966
USP39,2964
PRAMEF5,2964
OR11H1,2963
C11orf98,2963
ODF3L2,2963
GNG2,2963
ID1,2963
RBBP6,2964
RAB40B,2965
KRTAP19-4,2964
PRSS21,2966
GUCY1B1,2964
APOC4,2963
MPP4,2962
NTN5,2965
ENSG00000261341,2963
PPIAL4G,2964
TMEM211,2965
GRM7,2962
ENSG00000275674,2964
HNRNPL,2964
NANOGP8,2964
SH2D1B,2964
HAO1,2964
ENSG00000256861,2964
SBF2,2963
GBA2,2964
FOXA3,2964
IFITM10,2964
GEMIN2,2964
FOLR2,2964
ZFR,2965
PISD,2965
FAM111B,2963
PTGES3L,2961
NIBAN1,2964
SCGB1A1,2964
BUD13,2964
TYSND1,2962
H2BC6,2964
SEPTIN14,2963
OR4N4C,2963
PLG,2965
OR56A3,2963
PCSK1,2962
MGAT5B,2964
GABRQ,2964
ENSG00000284874,2964
DOCK7,2963
SRSF3,2963
ATXN7L3,2964
RHBDD1,2963
STK36,2965
ENSG00000267706,2963
GDPD2,2964
TICAM1,2963
MTRNR2L4,2963
ENSG00000285762,2963
OMD,2964
FREM1,2964
CKLF,2963
NOMO2,2965
OR5A2,2963
ENSG00000250424,2963
KRT34,2965
ZNF782,2964
CD70,2964
ENSG00000262526,2963
ARPC2,2964
TMEM230,2964
CSNKA2IP,2962
DUSP11,2963
ERC2,2965
TCIRG1,2964
CYP21A2,2963
RPS27AP5,2963
ZNF853,2966
PHYHIP,2964
C1orf100,2963
MICU2,2964
CTAGE8,2964
MRM3,2962
ATP2B4,2964
ISM2,2963
PVALEF,2964
PLIN1,2964
ABITRAM,2964
MAP2K1,2963
GET1,2965
BPHL,2963
GABRG3,2966
ADCY1,2962
PRPF38B,2966
LBHD1,2963
CSRP1,2964
ENSG00000283663,2965
ENSG00000226490,2963
SLC25A21,2962
NARS1,2963
ENSG00000274322,2964
DHFR,2964
GALM,2964
ANKFY1,2965
HIF1AN,2963
CCDC159,2965
TTLL7,2964
TMEM38A,2965
PDPK1,2963
AP1G2,2963
COG6,2963
GPI,2964
TNMD,2965
CANX,2962
SPRR3,2963
POLA2,2963
ACOX2,2966
MRPS36,2964
PPP1R16B,2964
ACADL,2963
TSSK1B,2964
REG1A,2963
C1orf115,2964
VPS72,2963
CCL4,2963
ZNF41,2963
OTX1,2963
USP17L4,2963
LRRC73,2962
HEY2,2964
ENSG00000284461,2963
SEC61G,2963
GPR87,2964
RPGRIP1,2962
ENTPD2,2964
ADD2,2964
KCTD1,2964
CFAP52,2963
SKAP2,2963
CHADL,2963
FAM83D,2963
ENSG00000226490,2962
LRRTM2,2964
KCNQ2,2965
OR2I1P,2964
ENSG00000196826,2962
ZNF445,2963
TRAV8-7,2965
RNF122,2963
PCDHAC1,2964
ENSG00000258653,2964
TMEM41A,2965
ENSG00000268361,2964
TAPBPL,2965
BIN2,2963
ARNT2,2966
ATF7IP,2965
IL19,2964
SORCS2,2962
TECTA,2964
SHROOM1,2963
IGBP1P2,2964
SIGLEC1,2964
ENSG00000280537,2963
EMC1,2963
CLEC2D,2963
KIF2C,2964
RIT1,2964
PRDX5,2964
NGDN,2963
EIF1AX,2964
TIE1,2965
AGPAT3,2964
OSM,2965
TMEM258,2962
MPZL3,2965
IL17RE,2964
RAB23,2964
CKLF-CMTM1,2963
TTC37,2963
DCAF7,2964
PCDHGA3,2964
NECAB1,2964
APC,2962
AMT,2963
RPL13,2964
PCK2,2965
OSTN,2963
ENSG00000267360,2963
NMNAT3,2963
PNLIP,2964
STOM,2964
SART1,2963
CPNE5,2963
ATG16L1,2964
PLEKHA2,2963
ENSG00000273217,2964
TSPYL4,2964
KCNA6,2964
KCNAB2,2965
ZNF722P,2964
MYCBPAP,2965
PSMB3,2963
CYREN,2964
HPS1,2965
NCAPG,2964
FCAMR,2963
ATG12,2963
SYDE2,2966
ENSG00000256349,2963
HLX,2963
SPDYE21,2964
ZNF669,2963
UBXN2B,2964
EMC9,2963
CYP4F12,2963
DOCK10,2964
NUP85,2964
DNTT,2964
SNX14,2962
TRBV29-1,2965
IL31,2963
TOM1L1,2962
TP53I13,2962
SETDB1,2962
NETO1,2963
OR5G3,2963
ENSG00000256500,2963
ENSG00000283580,2964
NDUFS4,2964
CSTF2T,2963
MDK,2962
MARCHF5,2964
PRRT3,2964
TNNI1,2964
PRNP,2963
LY75-CD302,2961
KRI1,2963
RNASE10,2963
ALAS1,2963
GAA,2964
SAPCD2,2963
LRRC55,2964
KIAA0753,2964
FBXO5,2963
TPTE2,2965
HTR3E,2963
AMOT,2964
ARHGAP33,2965
HLA-DMB,2964
SFTA2,2963
HOXC9,2963
ENSG00000283201,2963
SWAP70,2963
ENSG00000258790,2963
EMP2,2963
SRF,2964
PHLDA1,2964
ENSG00000124593,2964
CHAF1B,2963
GPR176,2965
CPXM2,2964
TMEM223,2964
ABLIM2,2963
CMA1,2963
UGGT1,2964
OR2J2,2963
ENSG00000285446,2963
ENSG00000286192,2963
RSL1D1,2964
MDP1,2963
IGKV2D-28,2963
ENSG00000273047,2964
ENSG00000173867,2963
SQLE,2964
STAC,2962
SNTB1,2964
L1TD1,2964
REC114,2965
IMPG2,2964
NUP93,2963
TRIM28,2964
RBM44,2963
TRBD1,2964
TMCO2,2964
FRMD4A,2963
WNT7B,2963
ENSG00000272297,2964
GPATCH1,2964
LCOR,2964
ZDHHC1,2963
ENSG00000261130,2963
AWAT1,2963
FDX2,2965
PCBP1,2964
GSE1,2961
EPHB4,2963
ENSG00000251184,2963
CD34,2965
LIX1L,2963
NDUFAF4,2963
ADRA2A,2961
ERMP1,2963
USP17L17,2964
ENSG00000277535,2963
CBWD5,2964
VAMP3,2963
TINAGL1,2964
HECW1,2964
TMPRSS15,2965
MAPK13,2963
ENSG00000288591,2963
USP40,2963
SH3TC1,2963
PDIA5,2964
RASGEF1B,2962
SELENOW,2965
WIF1,2963
NSMF,2963
EIF1AY,2963
LACC1,2964
GPM6B,2963
ZBTB37,2963
SIPA1,2963
ZNF165,2965
ENSG00000258790,2963
AURKC,2963
C1QBP,2964
HOXB7,2964
IDH3B,2963
PCDH9,2963
CYP2C9,2963
BCL9L,2964
ATP13A2,2963
ERCC4,2962
MRPL40,2964
ATP6V0A1,2964
ITM2A,2965
SLC9A3R2,2963
SKIV2L,2964
CIDEA,2963
CLK3,2962
INPP4A,2964
IRX1,2963
HPF1,2963
TSPAN12,2965
NEUROD4,2964
FAM13B,2964
MOB2,2965
RNF34,2964
TLE4,2963
NAB1,2964
TRBV6-8,2964
KCNJ14,2963
BCL10,2963
IGHV3OR16-13,2963
TAT,2963
ATAD3B,2963
CLK1,2963
ATP2C1,2964
SPRY1,2963
PRM1,2963
GALNT8,2964
OR1M1,2963
UBE2R2,2963
BCAM,2966
CCDC9B,2963
RPUSD2,2963
PDZD9,2964
ALDH1B1,2963
HILPDA,2964
LIM2,2965
DCLK1,2964
OGFOD1,2964
ZBTB4,2962
ZNF428,2963
KCNH8,2963
THAP12,2963
IGHV3OR16-9,2965
STYXL2,2963
TEX9,2964
GTF2H4,2963
ENC1,2962
CCDC73,2965
ENSG00000286239,2963
GPR75,2963
BAAT,2963
CDRT4,2963
ENSG00000285446,2963
BTG1,2963
OTOS,2965
ENSG00000273171,2963
CD8A,2964
FAT1,2965
IGFLR1,2964
ADM5,2964
EXOSC1,2965
DSTN,2964
MESP1,2962
TCP11L2,2962
CXorf66,2964
CLEC4G,2964
TRIM60,2964
MACROD2,2964
FBXO15,2964
DKC1,2963
CXorf51B,2964
NIT1,2963
LRRC58,2963
OR13C2,2964
ENSG00000283201,2963
IMPDH2,2964
RRAGD,2964
DDX1,2962
TNFRSF1A,2963
DSE,2963
DNAJC3,2964
UBR4,2965
GGA3,2963
HIGD2A,2963
CCN5,2962
RASA3,2965
PRDM8,2964
SPART,2963
LAMA4,2964
POU4F2,2964
OR2J3,2963
NPPA,2964
MT-ND1,2964
ENSG00000282034,2963
AGA,2963
ENSG00000256861,2963
MMP16,2963
TRAV3,2963
CDH6,2965
PEX7,2965
AASDHPPT,2963
REG1B,2963
ACTG1,2963
PIP5KL1,2964
CFAP74,2964
ENSG00000283201,2963
CNOT3,2963
C4orf17,2964
SLC25A23,2962
LARS1,2963
TAF1L,2963
CELF3,2964
DEFB131B,2965
ENSG00000259522,2963
NLRP2,2963
HMBOX1,2964
ACTR8,2965
ATP6V0E2,2965
WDR36,2964
GOLM1,2963
GTF2IRD1,2963
ENSG00000288593,2963
TFAP2A,2964
BCL2L15,2963
GTF2F2,2964
NSUN4,2963
RAB11FIP1,2964
KBTBD4,2963
DNAJC8,2965
SNCAIP,2965
CPA2,2962
TAS2R41,2965
PMCH,2965
SYT1,2966
TMEM39A,2964
KMO,2962
IL17C,2963
C1QL4,2963
GRID2,2963
CLCF1,2964
SSTR1,2963
PIR,2964
CEBPB,2964
ZNF728,2964
HOXD11,2963
TMEM250,2963
CD180,2964
HNRNPA1P48,2964
ESX1,2963
ENSG00000267314,2964
REST,2964
HOXD9,2964
DIS3,2963
DOCK6,2964
VPS54,2965
KRTAP4-12,2964
RAD51AP1,2963
OPRL1,2963
HNF4A,2964
NAGS,2963
SLC46A3,2963
SLC22A5,2964
ARL16,2963
IGKV2D-26,2963
DUSP18,2965
KCNH7,2964
IGHV3-33,2963
NUP62CL,2963
NUDT18,2963
ENSG00000284989,2963
PDGFB,2964
UBE3D,2963
MMAA,2965
AKR1A1,2965
PLA2G2A,2962
SGMS1,2964
ZNF609,2964
CTNNAL1,2964
CLSTN2,2962
ENSG00000271810,2963
ATM,2964
KAT2B,2964
CDK10,2963
CT83,2964
EXOC4,2962
CA13,2963
GPRASP2,2964
ZNF37A,2962
ADAMTS4,2964
CPN2,2963
ABCD2,2963
TM4SF18,2964
BSN,2964
CAST,2964
TRGJP1,2964
EMB,2963
CCR4,2963
PLAUR,2963
MPHOSPH8,2963
SSC5D,2965
RAB39A,2963
DHRS13,2963
KDM2A,2962
LPXN,2964
IRGC,2964
TSC22D1,2964
MFSD6,2965
SCML4,2963
HSD3B1,2965
SULT4A1,2963
AKR1B15,2963
SELENOV,2965
EEF1E1,2964
RAB6C,2963
PMPCB,2964
WDR43,2963
UQCRB,2963
NPTN,2963
CETN3,2963
MMP26,2964
HEATR4,2964
CYP4F11,2964
NFIL3,2964
STX1B,2963
FUT1,2964
ACAA1,2964
TMEM100,2963
ENSG00000260092,2963
TNPO3,2963
ENSG00000259522,2963
MAFK,2964
TAF1B,2965
ENSG00000284299,2963
CKS1B,2963
VPREB1,2964
AKT2,2963
NOP14,2964
GOLGA6C,2963
ABHD15,2964
ENSG00000272305,2964
C6orf89,2966
EGR4,2963
ENSG00000288591,2963
LMBR1,2962
JTB,2963
PEBP4,2964
PCTP,2963
ZFAND3,2964
RSPO2,2964
FAM90A1,2963
ENSG00000274322,2963
HOATZ,2963
GNG8,2964
PDK2,2963
TMPO,2965
ENSG00000258989,2963
EFNA5,2965
NWD1,2963
GRM4,2964
TBCCD1,2964
DLEC1,2965
OR5H1,2965
STAMBP,2964
ERCC5,2963
POLD3,2964
TMED2,2965
OR1A1,2965
IGF2BP3,2963
BCORL1,2963
ZNF597,2962
TEKT2,2964
C11orf86,2965
SETD3,2963
OR51F2,2964
TRBV28,2963
EFCAB3,2964
ANKS6,2963
SCYGR3,2964
TRAV20,2965
NDNF,2963
HMHB1,2962
ZNF888,2963
ENSG00000250644,2963
ENSG00000284989,2964
MCEE,2963
FSTL3,2964
NGF,2963
GFM2,2963
CLEC12A,2963
GINS4,2965
OLFML1,2964
KATNIP,2965
ZNF219,2963
PDHX,2964
ZNF639,2964
TPP2,2963
OR4L1,2963
RNF103,2964
RAD23A,2963
DIAPH1,2964
OR8J1,2965
CYP2F1,2963
MAPRE2,2963
CHERP,2963
ZKSCAN2,2964
SLC39A13,2964
GOLGA6L6,2965
PCNT,2963
MYBL1,2965
H3-4,2964
NUP133,2966
GJA10,2964
SLC2A1,2964
ISYNA1,2964
TULP4,2963
SLC25A41,2964
GNA11,2962
ENSG00000286132,2963
RAD50,2963
H2BU1,2964
PRRX2,2964
ZNF790,2963
CCT2,2964
OR51S1,2963
SPDYE16,2965
MFF,2965
ACTL7B,2963
FLT4,2963
CFAP100,2963
DENND5B,2963
KCNJ11,2964
CCM2,2964
ENSG00000286268,2963
FAM72A,2965
LCN1,2963
RFXANK,2962
EPC2,2964
LRRC7,2962
LCE3A,2963
ATP9A,2963
FARSB,2963
AANAT,2963
CYP17A1,2964
TMEM242,2964
HOXA9,2965
ARHGAP40,2963
ZNF443,2963
SHFL,2963
MGAM2,2963
ENSG00000272897,2963
FGF16,2964
FBXL4,2963
CCL18,2964
SKP2,2964
BTBD9,2963
S100A14,2964
PSMA6,2963
SVEP1,2965
SIVA1,2963
SLC22A16,2963
ENSG00000273049,2963
PI16,2965
UGT8,2964
OR1J4,2962
PTPN21,2964
KLHDC10,2965
SPSB2,2964
FOXL1,2965
SIRT3,2963
TRAFD1,2963
PRSS8,2963
RSBN1L,2965
GOLGA8R,2963
NCKAP1L,2963
C12orf71,2963
FPGT-TNNI3K,2963
REXO5,2963
SSBP4,2963
RIMKLA,2964
NEURL1B,2963
SOX8,2963
ENSG00000288593,2963
CGB7,2963
SMC3,2963
MAP3K20,2964
SLC19A2,2964
GCOM1,2963
TMUB2,2965
SMYD3,2964
MYH2,2966
STXBP6,2963
ZNF251,2963
PPFIA4,2962
TRAV1-2,2964
OPTC,2964
STK4,2963
TTI1,2966
FXYD4,2963
COL4A4,2964
NR2C2AP,2964
RPP30,2963
ODF3B,2964
SMARCA4,2965
CARF,2963
OR1N2,2963
PCDHGA2,2962
CLECL1,2963
ADCYAP1,2965
ZMYM4,2964
C1orf127,2963
MRPL51,2962
ADAT1,2964
FLRT2,2964
RIT2,2964
ERVMER34-1,2963
NRXN3,2963
STC2,2963
ASIC3,2963
ELOF1,2961
AMIGO1,2966
ITPKA,2964
STON1,2964
VWA7,2964
CHMP4A,2963
TM4SF19,2962
ZNF831,2963
TCEAL3,2962
GAREM1,2962
AIMP1,2963
METTL9,2963
MAS1L,2964
SSTR4,2964
AIRE,2963
MTA3,2964
HLA-DOB,2964
PPP1R3F,2965
MAPKAPK3,2964
NFATC2,2963
HEXB,2963
WDR1,2963
GCSAM,2963
SDHAF3,2962
ENSG00000285547,2963
TMEM160,2964
AGPAT2,2965
SLC22A9,2963
KLHDC8B,2964
SERINC3,2965
ENSG00000236543,2963
CGREF1,2963
FAM221B,2964
DACT2,2963
ITGA6,2963
KPNA4,2965
EXOC7,2963
PCSK2,2964
WNT1,2963
CNGA1,2965
TTYH1,2964
CDKL4,2965
MGMT,2963
HERC5,2961
AMOTL1,2963
SERPINA7,2965
CCDC166,2963
LNP1,2964
SBK2,2963
UEVLD,2962
PLPPR2,2964
PDK4,2964
ENSG00000285471,2963
HSPA1A,2962
CCNT2,2964
ST6GALNAC1,2963
SLC25A24,2966
GMPR,2963
GMCL2,2966
LAMB2,2964
ZFP64,2964
IRF4,2964
PHOX2A,2963
GLRB,2965
SEMA3E,2963
OR6F1,2965
FAM241A,2963
PATE2,2964
CYTL1,2962
SPANXN3,2964
ZNF365,2963
RBPJ,2964
HCG22,2965
CSH1,2964
SDHC,2964
ENSG00000285505,2964
CBLN1,2963
NUDT1,2963
NGB,2964
OR52I2,2963
PCYOX1L,2963
IL1RAP,2963
CBX2,2964
NKAIN1,2963
ISG15,2963
NAT2,2963
PWWP3B,2963
CBWD6,2963
IL13,2963
HMSD,2964
SRFBP1,2965
CD24,2963
PHLPP2,2963
ST6GAL2,2962
PRKCI,2964
ENSG00000141979,2963
SACS,2964
SVOP,2963
QTRT2,2964
KIF1A,2964
ENSG00000266953,2964
OR6A2,2964
RAMACL,2963
STUB1,2964
NKAIN3,2964
DHCR24,2962
SLC24A2,2964
SDC4,2964
KRTAP21-3,2963
PTCRA,2963
SAMD5,2965
ENSG00000283952,2963
ENSG00000285330,2963
SLC25A1,2963
KIAA1549,2964
PAGE3,2963
ZNF18,2964
EXOSC9,2964
HBA2,2963
PDGFRA,2963
CPHXL,2963
NCAPD2,2963
C2orf49,2963
PPP2R5A,2964
WDTC1,2963
ZNF479,2963
CIC,2962
EFNB2,2962
LYRM4,2964
STMN4,2963
SLF2,2962
PIK3R5,2963
IRF2BP1,2963
PGR,2964
KRT82,2963
KIF3B,2963
MALSU1,2965
CENPV,2965
RBM25,2963
MAOA,2964
SPEF1,2962
DNM1,2964
PPP2R5D,2962
CCK,2963
ENSG00000188223,2963
HNRNPA3,2964
GAL3ST1,2965
ENSG00000256500,2963
RAET1L,2964
ADGRF3,2964
MBTPS1,2964
UTF1,2964
TYROBP,2962
TAF1D,2963
TMED7,2964
OR4S2,2962
TRAV17,2963
ANKRD40CL,2965
ENSG00000280537,2963
PTPMT1,2964
UGT3A2,2964
KRTCAP2,2963
ZNF35,2962
TEK,2963
NOP58,2963
TIAL1,2964
AFF4,2963
CATSPERB,2963
TRIM49D1,2963
WNT2,2963
RILPL2,2963
ENSG00000273025,2963
LIMA1,2963
USP35,2964
MCM3AP,2964
ENSG00000267881,2963
ENSG00000251184,2963
CLIC2,2964
CYP26B1,2963
CDK11A,2963
NTM,2964
NFKBID,2963
DTHD1,2965
TRHDE,2963
ENSG00000284461,2964
FUT9,2964
ENSG00000255439,2963
TRIM50,2963
RPL35A,2963
SYCE1,2962
EVL,2961
WDR48,2964
ASIC2,2962
CYB5RL,2965
TBRG1,2964
FBLIM1,2963
USH2A,2963
TNR,2965
P2RY14,2964
ENSG00000258466,2963
NBR1,2965
ENSG00000286192,2963
DNAJC18,2962
YOD1,2963
FBXL22,2965
PAGE5,2964
LGALS3BP,2964
ZNF789,2963
ABCC12,2964
ENSG00000285000,2963
TXN,2964
SERTAD1,2964
TTLL6,2965
TMTC3,2964
PPP3R2,2963
MPST,2964
METTL2A,2963
CD47,2963
PLEKHA3,2962
CLDN16,2963
OR5B12,2965
FAM170B,2963
LYPD6B,2964
RICTOR,2965
SDCBP,2963
CLDN1,2965
TRIM66,2963
ZNF383,2963
ENSG00000268083,2964
ZNF74,2963
ENSG00000258989,2963
PRKN,2964
MC5R,2964
SMIM21,2965
OR4E2,2963
KIF15,2964
UNC119B,2964
OVOL1,2965
DDR1,2963
TTC38,2964
FZD6,2964
TNFRSF10D,2965
ZNF296,2962
SLC27A2,2962
MCRIP2,2963
SLC2A12,2963
TUBG2,2963
TMEM44,2964
SLC1A1,2963
APP,2964
NMNAT1,2963
GEMIN8,2964
KLHL40,2963
KPRP,2964
HECTD1,2963
PPP1R3B,2961
TMEM102,2964
CEP104,2963
PNO1,2963
LYZL4,2963
ATP13A1,2963
TNFRSF18,2963
GNG7,2965
AGO1,2964
TBC1D2B,2963
RBM4,2964
OR6C2,2962
UBD,2964
RAET1E,2963
DCST2,2965
HBEGF,2965
ZFAND1,2964
UBE2N,2965
ZNF224,2964
ADAMTS18,2963
ARNTL2,2963
MSLN,2963
ARSK,2964
SENP3,2962
ARMH4,2964
SRSF8,2964
ENSG00000124593,2964
GSTA5,2963
ENSG00000285897,2964
ENSG00000239920,2963
STX2,2963
CD69,2965
NAA40,2963
XAGE1A,2963
ENSG00000283205,2964
MOB3B,2964
ENSG00000258461,2963
LRTOMT,2963
NUDT14,2966
ROR2,2963
MANEA,2963
GSC,2964
CIB1,2962
MTSS1,2963
ADGRD1,2964
KCNA4,2963
ENSG00000286221,2963
SH3BP2,2962
ALDH8A1,2963
CCDC158,2963
PAX7,2964
SPATA16,2963
SPATA6L,2964
LGALS7B,2963
GGCT,2964
KPNA5,2964
CASP8,2964
CH25H,2965
PHOX2B,2964
GIMAP2,2964
COL26A1,2963
TUBA3C,2963
TMEM262,2964
ELMO2,2963
LURAP1L,2962
PSMC4,2963
HECTD3,2963
AUTS2,2963
HEBP2,2965
COPS4,2964
ZFYVE28,2964
EBI3,2964
KRTAP12-3,2962
SSU72P8,2963
NEK2,2964
MAP2K5,2963
ZBTB34,2963
TTK,2964
SPTBN2,2963
TMEM151B,2964
RASD2,2965
ENSG00000275464,2963
TAAR1,2965
PLCE1,2965
ENSG00000249624,2964
ZDHHC15,2963
OR1L4,2964
TDRD3,2962
SFN,2964
APOC4-APOC2,2964
CCL24,2966
TIMM22,2963
XKR9,2965
CTU1,2965
ZC3HAV1,2964
OR2J1,2962
DMXL2,2963
PREX1,2963
NOTCH1,2963
NPB,2964
NOX1,2963
KRT3,2966
LRRC31,2964
CLIP3,2964
MTX3,2963
TRIL,2964
ACSM1,2964
KCNG1,2963
C9orf78,2964
YWHAQ,2964
PIP4P1,2964
TAF7L,2963
ENSG00000284762,2963
MAN2A2,2965
PSMC6,2964
TRBV5-4,2963
CNPY3,2964
CROCC,2963
HIVEP3,2964
SPIN2A,2963
VEGFB,2965
LMOD3,2963
AMH,2963
LRCH4,2962
LRRC57,2963
GBP2,2966
ZBTB8A,2963
CRTAC1,2963
INKA1,2964
RNF215,2964
ENSG00000267881,2963
PPIG,2966
RBPMS2,2963
VPS35,2963
SLC38A9,2962
ENSG00000286015,2963
BSCL2,2962
MPZ,2963
CAMP,2964
ITPRIP,2964
PF4,2963
PNPLA6,2966
BIK,2964
EYA3,2963
STIL,2964
ENSG00000261884,2963
ENSG00000131152,2964
ENSG00000131152,2964
AMD1,2963
DEFB136,2963
ATP2A2,2964
ALAS2,2963
SPATA31A3,2963
UBXN7,2963
ENSG00000273025,2964
CNKSR1,2964
TSC22D4,2964
VWCE,2964
UQCRH,2964
DPYSL4,2963
ENSG00000271810,2962
ARRDC3,2964
POLDIP2,2963
PPP1R15A,2964
LHX4,2964
ENSG00000286015,2963
LAX1,2964
RFWD3,2962
HNRNPH1,2963
ADAMTS3,2963
FCRLA,2962
SLC30A3,2964
TMEM14C,2964
FAM161A,2964
TIGD5,2963
GKN1,2964
PRDX4,2964
CCDC91,2963
LRRC43,2964
VPS26C,2964
GSTA4,2964
UNKL,2963
DYNC2I1,2963
IGHE,2962
PABPC4L,2964
ZSCAN20,2965
OSMR,2965
TSSK6,2964
NINJ1,2963
PHETA1,2964
LY6L,2961
TRIM36,2963
CELSR2,2964
PAN2,2964
PARP9,2964
GLYATL2,2964
TXNL4A,2965
FAM83C,2964
ACOT12,2965
ENSG00000230707,2963
MPRIP,2964
CYBC1,2963
CFAP54,2962
GPX2,2965
PSMG1,2965
POTEB2,2964
HES7,2964
ATP8B4,2964
NSDHL,2963
ZNF334,2965
TAP2,2964
AKR1C8P,2964
PLXNB3,2963
YIPF3,2964
CYP1A1,2964
LRRC74A,2964
SLC12A9,2963
PROX1,2964
SMOX,2964
PCDH11X,2964
DAP,2963
GPR89A,2964
OR9Q2,2962
PLIN4,2964
TCEAL4,2964
UGT1A7,2964
PRL,2962
MCM9,2963
HSPB1,2963
NUFIP1,2964
ZNF821,2965
C5orf51,2963
ENSG00000284956,2963
SLPI,2964
OIT3,2965
SWSAP1,2964
CDHR2,2965
OR2T4,2963
NDUFA5,2963
ENSG00000196826,2963
KCNH5,2964
SESN2,2963
FBF1,2963
GSTM3,2963
OR2K2,2964
LETM1,2964
CYB561,2963
ALPK3,2962
ENSG00000283189,2963
C11orf21,2963
PSMD7,2963
DCTN5,2963
ENSG00000249624,2963
MAPK14,2963
HES3,2964
KRTAP5-1,2963
CMYA5,2965
FABP1,2965
HPCA,2965
GBP6,2963
ENSG00000285897,2963
RCAN2,2965
TMEM263,2963
RPL7L1,2964
DUSP5,2963
GADD45G,2966
NOTCH2NLC,2964
HTT,2964
MNDA,2963
RBM7,2963
SNAP29,2962
DENND2B,2964
ZNF81,2965
ZFP91,2963
TRIM9,2963
OR13A1,2963
KCTD20,2963
MME,2964
FLNB,2964
HSPB9,2963
REC8,2963
SFTPA1,2963
DEK,2963
CDH15,2964
TEDC2,2963
SARS2,2964
ELP1,2964
CHCHD10,2963
RABEP1,2965
PLEKHG5,2964
H2BS1,2963
PPP1CA,2964
DOT1L,2963
DLST,2963
LAIR2,2963
APCS,2964
SLC39A2,2962
RDH10,2964
SERPINA12,2964
ENSG00000288208,2963
ATP6V1F,2963
GBA,2963
DCHS2,2964
TMEM30A,2963
MST1R,2962
OR7A17,2964
ARHGDIG,2962
LAMC3,2966
PRSS2,2963
KRT86,2963
HEPACAM,2966
PRKD1,2964
B3GNT4,2963
ENSG00000272822,2964
NEIL3,2962
DEFB116,2963
ENSG00000273171,2963
H2AX,2962
EFCAB9,2962
ENSG00000267706,2964
RBMS3,2965
CTNNB1,2965
SLC1A6,2963
ZNF410,2963
BBS7,2965
ENSG00000286192,2963
PROX2,2963
ENSG00000288208,2963
ENSG00000261130,2962
ENSG00000258466,2963
POMGNT2,2964
BEX3,2963
FIGNL2,2963
ENSG00000283782,2963
NXN,2964
ZNF432,2962
ADGRL1,2962
ENSG00000285762,2962
ZNF548,2965
PDC,2963
DYRK4,2964
SPNS3,2964
KCNC2,2964
LATS1,2964
PPP4R2,2962
OR13C7,2963
MLNR,2964
CARD11,2964
MMP7,2962
ASH2L,2964
KLHL17,2963
CEP19,2963
BCL2,2964
CEP70,2965
OCM,2963
MYDGF,2963
TTC39A,2964
SLC8A2,2964
C16orf95,2962
SH3BP5L,2964
FAAH2,2962
ZNF34,2964
ULBP3,2963
RGS12,2963
EP300,2963
H2AC21,2964
RNF144B,2965
CTSV,2964
TECTB,2963
TRIP12,2964
ACSM2A,2963
ENSG00000273734,2963
RASSF9,2963
CYP27A1,2963
SCGN,2965
ENSG00000273049,2963
MGAT2,2964
PKLR,2964
MED13L,2964
ENSG00000250803,2963
NCKIPSD,2962
RGL1,2962
NKAIN4,2963
NDRG3,2963
ACP2,2962
TRAJ61,2963
PGBD5,2964
TMA7,2963
SYNGR3,2963
TMEM71,2963
TNNT1,2963
MT1X,2965
UBQLN4,2964
GFAP,2963
TXLNG,2965
CAPRIN2,2963
YEATS4,2964
OAS1,2963
VPS41,2964
FAM216A,2964
SAA2,2964
SLC6A12,2965
ALOXE3,2963
HBB,2964
DDO,2962
TMCO5A,2965
SPATA32,2963
C8orf34,2963
VPS37C,2964
SCD5,2963
COX5B,2963
SELENOT,2963
MLF2,2963
TRAJ31,2965
FABP7,2965
MXRA5,2964
HAX1,2963
GGTA1,2964
MKLN1,2963
APOBR,2963
CUEDC2,2964
LHX8,2963
KCNQ5,2964
UGT2B7,2963
OR5AK2,2964
RPS28,2963
TPD52L3,2962
NOLC1,2964
TDP1,2963
BRMS1L,2963
UGT1A8,2964
BRI3BP,2964
GFOD1,2965
TMEM179B,2963
FGGY,2965
COASY,2964
ZDHHC11B,2964
SDC3,2963
OR9I1,2965
TSHB,2965
OR10A2,2962
LPO,2963
RPL12,2965
PPIF,2964
SHISA7,2964
RNASE6,2963
GDF15,2965
PIP4P2,2963
HSP90B1,2963
LST1,2964
C20orf27,2965
OR2Y1,2964
CLEC6A,2966
KRT33A,2964
UPF3B,2963
PIGP,2964
SFRP1,2965
C1orf105,2963
LRFN4,2963
GZMK,2964
OSBPL7,2964
SCEL,2964
OR9A4,2963
FNDC3A,2964
OR1L8,2963
CCKBR,2963
C5orf24,2964
ZSWIM9,2964
ZNF471,2964
ZNF280A,2964
TRIP10,2963
ADGRF5,2965
PRRG3,2965
LYPD5,2965
DEFB113,2964
NT5DC2,2964
SPRR2F,2964
LEPR,2964
SEPTIN2,2963
TSBP1,2963
CCDC40,2963
CAMK2B,2964
ENSG00000267360,2963
BSG,2964
MBD5,2963
PCED1B,2963
CSF3,2963
RSPRY1,2963
ENSG00000258691,2963
ENSG00000196826,2963
NOVA1,2963
NECTIN3,2962
GRWD1,2964
TRHR,2962
ENSG00000261884,2963
NGRN,2963
TMEM131,2963
CDH19,2964
RAB24,2964
CSAG2,2964
UGT2A3,2964
PILRA,2964
SMIM28,2964
EN1,2964
ZCCHC3,2963
PDHA2,2965
OR6C4,2965
CEACAM20,2962
ENSG00000268361,2963
HSPE1,2966
NHS,2962
GGTLC1,2964
GPR174,2963
ANKRD7,2962
STX6,2963
SLC25A42,2963
ZNF99,2964
DNAJC11,2964
HNRNPA1L2,2965
GEMIN7,2965
FCGRT,2964
NBPF14,2963
EME2,2964
LUC7L,2963
LYZL2,2964
DEFB131A,2964
AADAT,2965
PCDHGC3,2964
PHC2,2964
ENSG00000283189,2963
ZNF516,2964
KRAS,2965
MT2A,2962
HYDIN,2964
UBA1,2963
PKIA,2965
NOTCH2,2964
SULT1E1,2963
DBX2,2964
RBM15B,2965
PRELID3A,2963
HNRNPU,2963
ACADS,2963
ZFC3H1,2963
KPNA2,2965
ENSG00000230707,2964
SBK3,2962
C22orf15,2963
SNAPC4,2966
EHMT2,2963
H1-6,2963
C16orf70,2963
PDZRN3,2964
C17orf50,2965
ENSG00000272647,2964
CFAP97D2,2962
KCNS3,2965
KLRG2,2963
MVD,2963
PNMT,2964
LCE1B,2964
ITLN1,2965
FOLH1,2962
C1orf158,2964
NR2F6,2965
XBP1,2964
ADGRG5,2963
AIF1L,2964
SLC33A1,2963
OR10G9,2962
MCU,2965
PLCXD3,2963
DAPL1,2963
DZIP1L,2962
OR8G1,2963
ENSG00000131152,2963
ENSG00000275464,2963
TRBJ2-1,2963
CYS1,2964
BCL6,2964
CLGN,2965
RHOBTB1,2964
H2BC21,2963
TAS2R31,2963
CLN8,2965
TOP3A,2963
ENSG00000264324,2963
H4C13,2963
ENSG00000285505,2963
HID1,2963
RRAS,2964
APPL2,2962
OR5AP2,2966
CDH12,2964
COPE,2963
PAGE2B,2964
TAAR5,2965
SCNM1,2963
ANKRD20A1,2963
NUBP1,2963
ENSG00000285000,2963
IL1F10,2964
TMEM185A,2962
FIGNL1,2964
PPDPF,2962
ELAPOR1,2964
RCN2,2963
DMRTC2,2962
SLC39A10,2964
WNK3,2964
AMIGO2,2964
IGHMBP2,2965
ST3GAL4,2964
ENSG00000261582,2963
RARS2,2963
SYNCRIP,2965
CCDC66,2962
TRMT1L,2964
DYDC1,2964
POLR1C,2964
ENSG00000267314,2963
UBASH3B,2966
EPB42,2962
OCLN,2964
TMEM82,2965
CATSPER2,2963
PRAMEF20,2965
KPNA6,2965
ENSG00000258790,2963
GPBAR1,2964
CEBPZOS,2964
TEC,2963
ZP1,2964
YARS2,2964
NEK10,2962
LMO4,2965
SAR1A,2964
COL10A1,2964
OC90,2963
SERPINA3,2963
CCNB2,2962
FLT1,2963
PRADC1,2963
ZNF521,2964
CTNNA2,2963
ERBB4,2964
CAMK2N1,2963
ENSG00000285976,2964
ENSG00000284393,2964
TMC5,2965
KRBA1,2963
PNMA6A,2964
FAM189B,2965
SLC35G5,2963
EHBP1L1,2964
MUSTN1,2964
GAGE10,2965
SLIT2,2963
SLFN11,2963
CALML3,2964
ENSG00000286268,2963
ZDHHC22,2964
MGAT5,2963
SOX9,2963
CEACAM8,2965
TGFB3,2963
SEC22A,2963
SH3RF2,2964
OR4M1,2963
SMG8,2963
EPS8L2,2964
EEF1AKMT2,2964
LAS1L,2964
MPP5,2963
FOXJ3,2964
CBARP,2963
SKA2,2964
SLC39A5,2965
CENPQ,2963
OR12D3,2966
ENSG00000141979,2963
GGTLC2,2964
UROS,2965
SNORC,2964
KRTAP22-2,2964
ENSG00000249967,2965
ENSG00000273047,2963
AK6,2963
DDX17,2964
HNRNPAB,2964
FGFR3,2963
SLC25A32,2964
CRYAB,2963
TRIR,2965
CHRNB1,2965
RAD21L1,2964
IGHV1-46,2964
KDM4E,2965
UGGT2,2964
PRR7,2963
ENSG00000284874,2964
ELOA,2966
F2,2965
OR5W2,2964
SERTAD4,2963
SERF2,2963
TOP1MT,2962
TRBJ2-4,2963
HYAL2,2963
TRBV17,2964
THNSL1,2963
OR1J1,2965
COQ2,2963
MPDU1,2964
AQP3,2963
BICD2,2963
BHMT2,2963
ANO3,2964
AQP5,2964
CARMIL3,2963
ZYG11A,2964
IL2,2964
ENSG00000267360,2963
TAMM41,2963
ENSG00000284299,2963
MAP4K1,2964
SLC38A4,2964
C1orf74,2966
GALNT4,2963
LMO2,2963
SLC39A8,2964
GABPA,2964
GAPT,2963
PLXNB1,2963
SLC5A11,2963
NID2,2964
TRO,2963
FAP,2965
CDK6,2962
MON1B,2964
FBH1,2964
NOX3,2962
GTF2IRD2B,2963
QPCTL,2963
CEP164,2964
UTRN,2964
C17orf64,2963
SPHKAP,2963
ELFN2,2963
ZGRF1,2964
ENSG00000274944,2963
CUL9,2963
SLC10A2,2964
HDAC3,2964
FMN1,2963
PRSS33,2964
DCAF12L2,2963
CXorf51A,2963
ENSG00000261341,2963
KISS1R,2962
COX8C,2962
NUDT11,2963
GOLGA8M,2964
MARK4,2963
ENSG00000258466,2963
ENSG00000285723,2963
MRPL10,2963
MBOAT1,2964
ENSG00000258529,2963
BICC1,2964
ROM1,2965
ZMAT4,2963
LPGAT1,2964
MBD3L4,2963
SEBOX,2964
ENSG00000286268,2963
KLF1,2963
SDR39U1,2964
AMZ2,2963
TTLL3,2964
MTARC1,2962
NDFIP1,2966
NREP,2965
C1QTNF9B,2963
PPM1L,2964
CDH17,2964
HRH4,2965
HNRNPK,2963
TEPSIN,2964
RCN1,2963
C10orf55,2963
PAPSS1,2964
TLCD3A,2962
ENSG00000267881,2963
ENSG00000285330,2964
WASL,2965
ENSG00000258864,2962
DMC1,2964
CCL3,2964
OR10G7,2964
SLC66A2,2964
PDCD7,2964
KLHL21,2964
AMPD3,2963
HIBADH,2965
WFDC8,2964
HLA-DPA1,2963
SLC16A1,2963
CR1L,2963
HOXB4,2963
RASL11A,2964
ENSG00000285526,2965
ZNF563,2963
SNRNP200,2963
LATS2,2963
MVB12B,2965
MAF1,2965
OR6X1,2963
OR2L13,2964
HASPIN,2963
ADGRG3,2965
EPHA6,2963
PTGER3,2964
ENSG00000249967,2963
FAAP20,2963
MLANA,2962
TAS2R3,2963
ANG,2964
VWF,2964
MCM8,2965
HMGCS2,2963
LILRA1,2963
KCTD19,2963
PPM1B,2964
ENSG00000261582,2963
MCAM,2963
TMEM244,2963
ADAMTS15,2963
CLDN10,2964
ACSL4,2964
KIRREL1,2964
TRBV10-2,2965
SPSB1,2963
GPATCH4,2963
SLC22A8,2962
RABL3,2962
DNASE1L1,2963
IGHG3,2965
YIF1A,2964
PMIS2,2964
NME8,2963
EPB41,2962
ITCH,2963
FBXO16,2964
SS18L2,2964
TNFRSF13C,2964
RBCK1,2964
ABHD17A,2963
CLSTN3,2963
ZBTB40,2963
POF1B,2964
NANOS2,2964
RHOU,2966
PLBD1,2962
ENSG00000274322,2963
RTEL1-TNFRSF6B,2965
NUP88,2964
TENM2,2963
DYNLT1,2964
FOS,2963
KCTD17,2963
KIAA1586,2964
TMEM178A,2963
LRIG1,2963
NUP153,2962
SNAP91,2963
JDP2,2964
TSPY9P,2963
GOLGA8G,2964
MEDAG,2964
ENSG00000286132,2963
PMFBP1,2964
H1-7,2964
DDX58,2963
DYNLT3,2964
KAT8,2964
LAMP3,2963
DEFB115,2964
CAPS,2963
KRTAP4-5,2964
SETSIP,2963
CD151,2963
TMEM266,2964
BICDL1,2963
BCO1,2965
MTRNR2L10,2963
PLIN2,2962
AKR1C4,2965
NEPRO,2963
TRIM51GP,2962
DEDD2,2964
RASGRP3,2964
PFKL,2964
HDAC9,2964
CNN3,2964
SPANXN5,2963
RBM11,2962
A1CF,2963
DONSON,2963
DIABLO,2963
OR2A2,2964
PDIA2,2965
SPCS3,2963
DENND5A,2963
SLC45A2,2963
ORM1,2964
ARHGAP1,2964
ABCF2,2964
ENSA,2963
IL26,2965
TRAJ13,2963
RANBP1,2963
ENSG00000285897,2963
EBNA1BP2,2964
PHLPP1,2965
PYROXD1,2964
TRAV30,2963
OSBPL3,2964
BRAT1,2963
SH2D3A,2963
BRD4,2963
PTTG1,2963
ENSG00000275740,2964
OR6V1,2962
ENSG00000124593,2965
ENSG00000285976,2963
RFX5,2962
ATP7A,2963
ATPAF1,2963
SETBP1,2965
TOGARAM1,2964
NDUFS5,2964
JMJD4,2964
SIRT6,2963
MAEL,2963
PBLD,2963
NELFA,2964
CALM3,2965
RGS18,2963
PABPC5,2966
ZNF107,2963
SLC35E4,2964
USP17L13,2963
PLEKHM3,2962
SMN2,2963
CEP44,2963
BDH2,2964
S100G,2963
IGKV1-9,2963
TLE6,2963
DPPA4,2965
CXCL11,2964
NAA15,2964
FAM187B,2965
EEF1AKMT1,2963
SATL1,2965
JMJD1C,2964
PTPRB,2964
RGS6,2963
MRGPRG,2963
BLNK,2963
FAM71D,2963
COL25A1,2963
OR6C75,2962
MED1,2964
DPP7,2963
TMEM176B,2964
NOBOX,2963
PCYT1A,2962
ZWINT,2964
PRSS56,2964
MPEG1,2964
STRN3,2964
ZC3H12C,2964
COIL,2965
COL14A1,2961
OR4F4,2961
IGLV3-16,2963
SCYGR2,2964
MRPS12,2964
TM2D3,2964
COPA,2964
TSPY4,2964
TRGV3,2962
STPG2,2965
CCT3,2964
DLG5,2964
TRPM2,2965
VCX2,2963
ITIH2,2964
KDM4A,2966
UBE2C,2962
ARFGAP1,2965
KATNBL1,2964
GKN2,2963
LIN54,2964
C1QTNF7,2963
TTL,2963
XRN2,2963
TMEM14B,2963
STAG3,2965
TMEM232,2963
ENSG00000250424,2962
HLA-C,2963
ATR,2964
ATP2B1,2962
CNN1,2963
LYPD2,2962
GNAI3,2963
H4C9,2964
RTL6,2964
ENSG00000255439,2963
FPGS,2963
HOXB1,2964
ZNF229,2964
MTMR3,2964
CTHRC1,2963
VIPR1,2963
NUP210L,2963
TMCC3,2965
H6PD,2963
PDE11A,2963
GAS8,2965
DSCAM,2964
EPCAM,2963
RNF166,2964
TMEM19,2963
HKDC1,2964
SLC17A1,2964
DCD,2965
ZWILCH,2963
USP50,2965
TSPY8,2963
RETREG3,2965
METTL26,2963
IL6,2962
HIF3A,2963
ZNF26,2962
ZNF467,2963
PEMT,2963
CALCOCO2,2964
TMEM132C,2963
COL24A1,2964
GOLGA8T,2963
KRTAP27-1,2966
ONECUT3,2963
CYP24A1,2964
OR1K1,2965
FAM24A,2964
OR8B12,2965
KAZALD1,2963
TBC1D24,2963
LSM1,2963
CSTF1,2962
LINGO3,2964
AZI2,2963
KRTAP4-4,2963
MSGN1,2965
ZDHHC8,2964
ACSF2,2964
ENSG00000256861,2965
FAHD2B,2963
ENSG00000285589,2963
NTSR2,2965
FEM1A,2964
SYCE3,2964
ZNF773,2965
LRRC8B,2964
RDM1,2963
GNE,2963
GPR173,2964
ENSG00000284989,2963
P2RX6,2964
KLK3,2963
ENSG00000236543,2963
HEBP1,2964
RFK,2964
DYRK3,2962
DNAH11,2964
ZNF746,2962
BTF3,2962
TENM3,2964
MAP3K3,2964
IL17RC,2964
KCNS1,2964
OTOL1,2964
PRAMEF8,2964
KLHL12,2964
NCAPH2,2964
PDE7A,2963
CCDC85C,2963
FAM217A,2963
TFF2,2963
ENSG00000273047,2963
GABARAPL2,2963
RRAGA,2963
EFNA1,2963
HYKK,2963
LRRC17,2965
TNIP2,2965
OR51B4,2963
TM4SF5,2963
RAP2A,2964
ENSG00000285505,2963
ZNF324B,2963
SAT1,2964
ENSG00000285000,2963
HEXIM2,2964
RIPK4,2964
POU5F1B,2963
ZNF607,2963
C2orf66,2965
UBXN2A,2966
VCPIP1,2963
GLIPR1L2,2963
MAGED1,2964
SAP30,2965
LAMB3,2963
PPIAL4D,2964
FASTKD1,2964
BAZ1A,2963
C1GALT1C1,2965
ENSG00000239920,2963
APAF1,2961
C1orf159,2962
SERPINA6,2963
RAB7B,2964
TENM4,2964
TNFAIP8L2,2965
TRPV3,2963
NMB,2963
DPPA3,2963
ZNF837,2962
PSMD4,2963
RBP2,2963
ELP5,2963
TULP3,2963
FAM13A,2965
ZHX3,2965
ALPI,2964
PCDHGB3,2965
PODNL1,2964
TRAV22,2962
USP4,2963
TAL2,2963
CPLX4,2963
AKIP1,2965
MSS51,2963
ENSG00000284299,2963
LIPT2,2964
KDM4B,2965
SRRM2,2965
ITIH1,2965
GRB7,2963
CPB1,2964
TSGA13,2963
FAM209B,2964
ASCC3,2964
SBNO2,2962
TMIGD3,2964
STK33,2962
DDX31,2963
WAC,2962
CEP112,2963
PJA2,2964
ATXN2,2963
ZNF850,2963
OR1J2,2966
ENSG00000261341,2963
SYBU,2964
PDZD3,2963
SLC5A5,2964
ENSG00000256500,2963
BRPF1,2965
ATP5PF,2965
CUL2,2963
TMEM259,2963
FOXK1,2964
TRPC1,2964
PADI4,2964
PLEKHB2,2963
ENSG00000282034,2964
H2BC8,2964
SLC30A2,2963
EI24,2963
USP37,2964
TKT,2963
GPR141,2964
MRGPRE,2963
TRIM35,2964
GNAO1,2964
ID3,2964
OTUB2,2964
OR2A14,2963
YY1,2965
RPL23,2964
SRD5A2,2964
CPSF7,2964
MOCS3,2964
WDR31,2964
SKIL,2964
SLC43A2,2964
TMEM170A,2963
HS2ST1,2963
RAG1,2963
HOPX,2963
TGFB1I1,2964
CCNI2,2963
CYP19A1,2964
ENSG00000285471,2963
TRIM38,2964
ALAD,2963
ENSG00000288591,2963
CACNA1F,2962
ENSG00000258653,2963
SETD6,2963
AGAP9,2964
MRPL9,2964
TF,2964
TNFSF18,2962
CCL25,2964
CLDN11,2962
PTGES3,2965
GBP1,2962
TMEM11,2964
PKP4,2963
GRIA4,2964
GALNT16,2964
TEDDM1,2962
SMDT1,2964
ENSG00000283228,2963
LPCAT1,2963
PGM3,2963
PARP3,2963
COPS3,2965
STAM,2964
NPPB,2965
SLC12A8,2963
ALOX12,2963
PTPRK,2964
UBL5,2963
PFKFB2,2963
ZNF112,2962
PELI3,2965
MTLN,2963
ENSG00000250644,2963
HNRNPUL1,2963
MEF2A,2963
PSKH1,2964
DLL4,2963
ING5,2964
IL15RA,2963
RAN,2963
TARM1,2963
ACOT13,2964
ACVR1,2965
NAB2,2965
ENSG00000273217,2963
EFHD2,2963
CPED1,2966
TMA16,2964
FBXO24,2963
METTL22,2963
GLRX2,2964
GLG1,2963
AQP8,2964
SIM2,2962
MRI1,2962
AGPAT4,2963
FKBP10,2964
TIPIN,2964
OR5M9,2963
MYL6,2963
BAZ2A,2963
ENSG00000285171,2964
EFCAB11,2962
ANKRD35,2963
PAQR8,2965
CT47B1,2963
RGL4,2964
HDHD2,2963
MMP10,2965
OR4F6,2964
MPV17L2,2962
P2RX1,2964
OGDHL,2963
BBS2,2964
CHST6,2963
PPP1R14B,2964
CYLD,2963
NUDT13,2962
CADM4,2965
GREM1,2965
PSME4,2962
ZC3H7B,2965
SEC61A1,2963
GSTM4,2965
SERPINB7,2964
ENSG00000286132,2963
MDC1,2964
UPP1,2965
TEX261,2964
PDE3A,2964
TFAP4,2964
SPDYE4,2962
CAPRIN1,2963
TNFSF8,2964
RHOB,2964
IGFL1,2964
SLC25A30,2963
FAM166B,2964
ENSG00000250424,2963
DUSP6,2963
GUF1,2963
STMP1,2963
MAML3,2963
CYP51A1,2965
TIFA,2965
PPP1R15B,2965
RIMS2,2962
C10orf105,2962
ANKRD27,2963
SLC25A53,2963
KLF12,2964
ADAM9,2963
ERH,2965
ADA2,2963
BLOC1S3,2964
C3orf38,2963
CSTA,2964
ENSG00000286221,2963
C5orf52,2963
ZNF492,2964
ENSG00000283189,2963
MAP7D2,2963
SGTB,2962
OR4F5,2963
SCGB3A1,2963
ABRAXAS2,2963
RPL26,2963
ADAM23,2964
ST18,2963
TRAJ52,2966
FGFRL1,2961
KCTD5,2964
NOL4,2965
BEGAIN,2962
OGFOD2,2965
AGO3,2964
MAPK8IP3,2963
PRAMEF6,2964
SV2C,2963
CCDC102B,2964
CACNG3,2965
ZNF502,2962
FOXF2,2963
JKAMP,2964
VXN,2963
IGKJ3,2962
CNPY2,2963
LCE1F,2963
IL20RA,2964
IL5,2964
SETX,2962
DENND1A,2965
MT1H,2963
MS4A4E,2963
AMMECR1L,2963
OR2W1,2964
CD55,2962
TMEM248,2963
ZNF689,2963
PYY,2963
CASP14,2964
TCEA1,2962
TECRL,2964
ASS1,2963
TOR4A,2964
GIPC1,2963
CD200R1L,2963
MYC,2963
PARP11,2963
AAR2,2963
SLC4A1,2964
SLC25A20,2964
BRWD3,2963
HDDC2,2964
ENSG00000267314,2962
CDK3,2962
NAA30,2963
ENSG00000254979,2963
PHF13,2964
ENSG00000264324,2963
HS3ST3B1,2963
NKX2-3,2963
IGIP,2963
CWF19L2,2965
NPHS1,2963
PPP1R36,2964
KLHDC1,2963
NPIPA5,2963
CHMP2A,2964
DGLUCY,2964
MRPL22,2963
STPG4,2963
ENSG00000275674,2964
ENSG00000258461,2963
LOXL2,2964
MRPL49,2963
FAR1,2962
UHMK1,2963
ASPDH,2965
ENSG00000283228,2963
ENSG00000287542,2963
CPSF2,2963
CDH3,2963
IL9,2963
EEFSEC,2964
ENSG00000268083,2963
ENSG00000230707,2963
ENSG00000272297,2963
RBM26,2965
ASPM,2963
GYS2,2964
KRTAP5-3,2964
TTF1,2963
MBNL2,2965
EYS,2964
OR2A5,2965
PPP1R14D,2963
ZFP28,2964
PXYLP1,2963
MOB3C,2965
KRTAP10-10,2965
TRIM22,2963
USP6NL,2963
ECM2,2963
FAM131A,2964
RTL4,2963
SCARF2,2964
KRT71,2964
TRIM2,2964
GPR82,2964
SRP54,2963
ABHD1,2963
NKX3-2,2963
LGALS1,2964
GGH,2964
DRP2,2961
RTL5,2964
TSLP,2963
FMC1,2963
FGF17,2963
FAM83G,2963
PATE1,2962
DNAJC25,2963
TRBJ1-6,2964
GPM6A,2965
TMEM184C,2964
GMPS,2964
EDA,2963
FUT3,2964
OR4C15,2963
ARHGEF7,2963
SPZ1,2963
DNAH12,2963
CCDC97,2962
PLVAP,2962
AHSG,2964
MAPK6,2963
AAMDC,2963
EXOC3L4,2964
ENSG00000273217,2963
ENSG00000257355,2963
TMCO1,2964
SGK3,2962
KRT37,2964
PSAP,2965
CTSD,2964
ENSG00000268083,2963
NXT2,2964
GPHA2,2963
ZSCAN22,2965
ENSG00000285526,2963
TTC13,2963
ABHD17C,2964
ACBD6,2966
IGHV3-11,2963
QSOX2,2963
SLC4A2,2964
ENSG00000258864,2963
ADAMTS12,2963
OR13C3,2964
KNG1,2964
GOT2,2963
TUBA1C,2965
ENSG00000287542,2964
YAP1,2964
ENSG00000264324,2964
DTNBP1,2964
RCBTB1,2964
UPP2,2964
FABP6,2964
MBD3L3,2963
POLR3F,2963
H1-0,2966
GADL1,2963
LBX1,2963
KRTAP4-8,2963
OVOL3,2963
JUN,2964
TXNDC12,2964
MGLL,2964
USF1,2965
SLC11A1,2964
GPRIN1,2963
NEUROD6,2964
ZNF598,2963
LILRA6,2963
WDR25,2962
LCE4A,2965
TNNI2,2964
AGXT2,2964
SCYL2,2963
CREBBP,2963
OR7C2,2966
LRRC66,2964
ST6GALNAC5,2964
RMND5B,2964
USP36,2965
AKAP10,2965
PGPEP1L,2963
AMPD1,2965
TRAPPC2,2965
GTDC1,2965
CASQ1,2964
H4C7,2963
CARMIL1,2964
VTN,2963
USP17L23,2962
ENSG00000285723,2964
ZNF154,2963
OR5D16,2964
GALNT7,2963
RAB11FIP4,2963
H2BC14,2963
HSPH1,2964
OPCML,2964
ENSG00000285446,2963
SERPINB9,2964
NPTX1,2963
C5orf22,2963
ZNF749,2963
ENSG00000284874,2964
ENSG00000205236,2964
OR1C1,2964
KRTAP5-8,2964
ENSG00000288570,2963
DNAJC5G,2963
DCHS1,2963
IL17A,2964
ATF7-NPFF,2963
ENSG00000284976,2963
PLD6,2964
ALKBH1,2964
DACT1,2964
ENSG00000273734,2963
ENSG00000266953,2963
KRTAP22-1,2964
UBXN1,2964
RBM27,2963
BCL2L14,2964
ACE,2963
RASAL2,2962
EZH2,2965
GAB1,2964
MMRN2,2964
H2AW,2963
ZNF222,2965
PRPF4,2963
ZNF275,2964
NAT16,2964
METRN,2963
ENSG00000236543,2963
ACSBG1,2962
ZBTB6,2964
FBXO47,2964
LRRC46,2966
CCDC126,2964
KCNH6,2963
TRAPPC3L,2964
GP9,2964
MPP1,2964
DCXR,2964
TP73,2963
LANCL3,2964
MFAP1,2963
ZNF705E,2963
DYNC1LI2,2962
ACCSL,2964
MRPL18,2963
ENSG00000267740,2964
RAB10,2964
TRAPPC11,2963
ENSG00000282218,2963
RASAL3,2963
ENSG00000272897,2964
LRRC71,2963
CBX4,2962
SYCN,2963
DNAJC5B,2964
EPC1,2963
LARS2,2963
STRADB,2964
TBL3,2963
CSF2RA,2963
OR8J3,2964
PELI2,2963
GOLGA8B,2964
GTF3A,2964
PRUNE1,2962
CLK4,2963
KCNJ8,2964
KHDRBS3,2964
PPP1R12C,2964
BATF3,2963
CXCL3,2963
CUX2,2963
FAXC,2963
KIF12,2964
MAP7D1,2964
ERICH6B,2964
OR2W3,2965
XPC,2964
MTFR2,2964
BHLHE40,2963
MEX3D,2963
PTK2B,2964
PTF1A,2962
HMGXB3,2963
MID2,2964
HACD2,2964
C14orf119,2965
ENSG00000254979,2963
ENSG00000269035,2963
STX19,2963
SMPD2,2965
GGTLC3,2963
ANAPC7,2965
CFAP157,2964
SERPINA10,2964
CDR2L,2962
CFHR1,2966
DYNLT2,2963
INTS13,2964
ATRNL1,2963
PNPLA7,2965
GIT2,2964
ARMC3,2964
RPL18A,2964
HSPA9,2964
CCDC146,2963
DGKA,2963
SLC35G4,2964
RPS27L,2963
ZNF101,2963
NAA11,2963
MNS1,2964
OR4C6,2963
WFDC2,2963
C12orf50,2963
GAB3,2963
ENSG00000273025,2963
CACNB3,2965
LRRN3,2963
NQO1,2963
PRR29,2963
TLE3,2962
ACOX1,2965
CSMD1,2963
DNAH10,2963
SMIM4,2963
FCN3,2963
ZNF544,2963
BSND,2963
LAMP2,2963
AKT1S1,2963
KIF17,2965
ME2,2962
DIS3L2,2964
RPL11,2964
THEM4,2964
DNAJA3,2963
IQSEC1,2964
PFDN6,2963
CST4,2963
SORD,2964
ENSG00000269035,2964
DBP,2964
FOCAD,2963
ENSG00000258691,2963
ENSG00000280537,2963
NBN,2964
ENSG00000272297,2963
ENSG00000277535,2964
POM121L12,2963
ICA1L,2963
GALNT12,2962
MFAP3,2965
TBC1D22A,2964
OR13J1,2962
MBL2,2964
HBQ1,2963
DCUN1D1,2964
LYN,2964
KNTC1,2965
FUZ,2963
ENSG00000250424,2963
SERINC4,2964
OR4D2,2964
ZMYND19,2965
RNF8,2963
SRBD1,2964
TMEM69,2964
C12orf29,2965
ENSG00000285976,2963
CCDC74A,2962
ERLIN2,2964
IFNK,2963
ENSG00000284762,2963
PTGDS,2964
RNF25,2963
ALG6,2963
MYLK4,2963
CPZ,2966
SUPT3H,2963
MYF5,2963
TMEM179,2963
STOML2,2963
ATP10A,2963
B3GAT1,2963
HORMAD2,2964
DEPDC5,2963
SLC25A22,2964
CBLC,2964
NEU3,2963
GALP,2962
MLXIPL,2963
UIMC1,2963
FOXP1,2962
ENSG00000205236,2963
DDX5,2963
ZDHHC2,2963
HOXD8,2963
ZNF273,2963
SOX6,2964
MOB4,2963
SRP19,2964
H4C5,2964
IER3,2963
ANKRD40,2963
TCHP,2962
ADGRE2,2965
KRTAP10-1,2965
AK4,2965
AP2B1,2962
RSRP1,2964
NT5C1A,2962
RPS8,2964
TRAV38-1,2965
ATP5PB,2963
C1orf52,2964
TTC30A,2963
BTLA,2963
SH3TC2,2963
ACIN1,2964
CIAO2B,2963
UBTD2,2963
PLSCR5,2963
DRC1,2964
OR51G2,2962
DISC1,2964
KIF4A,2963
ANKRD31,2965
GCNT7,2963
ENSG00000285762,2963
TFAP2E,2964
CCDC157,2964
FAM237B,2964
CALR,2963
NOL12,2964
SLC2A11,2964
ADH1C,2961
TBPL1,2964
LAMP5,2965
MSMO1,2963
KRT26,2964
REXO2,2964
VARS2,2962
SGMS2,2964
TAFA5,2964
FANCL,2964
ABCC2,2965
DEFB126,2965
KDM6A,2963
HOXC12,2963
KIF25,2963
SINHCAF,2964
HJV,2964
ARHGEF18,2964
DNM1L,2964
NUMB,2966
TSPAN9,2963
CLEC12B,2963
NMU,2963
GAS2,2964
FAM184B,2963
SMIM41,2963
TMEM33,2963
ALPK2,2963
TRAV8-1,2962
MYO10,2964
CTSZ,2963
TDRD9,2965
GPR4,2963
ZNF791,2964
DCST1,2962
TTLL5,2964
KRTAP9-7,2963
ENSG00000283149,2964
KYNU,2963
SHMT1,2964
GDPD3,2964
SLC22A25,2965
SLC35A5,2963
ENSG00000277535,2963
ZNF292,2964
ENSG00000258790,2963
FBXO41,2964
FAM174B,2964
ZNF564,2964
TRAJ37,2962
ZNF616,2964
ZNF552,2963
TENT5D,2963
NEFH,2964
TAF11,2962
ZNF70,2965
ANAPC15,2963
KCNG2,2964
CCDC192,2964
ZNF501,2964
H1-5,2964
SFSWAP,2963
IGHV3-21,2964
FKBP4,2964
RUNDC1,2963
EPO,2964
PSMD8,2963
PPCS,2963
CUTA,2963
MRPS17,2963
ENSG00000254553,2963
C1orf146,2965
ENSG00000285526,2963
SAR1B,2964
SPAG8,2965
CORO7-PAM16,2962
SHISA2,2963
RECQL5,2964
PKIB,2962
STARD6,2963
AXDND1,2965
UTY,2964
ERCC3,2965
GDPGP1,2965
COLCA2,2962
SLC38A8,2963
ENSG00000249967,2963
LIMK2,2964
IRX4,2966
H4-16,2962
JPH4,2964
NPAP1,2964
CLEC18A,2964
TMEM135,2963
ADSL,2964
PXDC1,2963
SP2,2963
ADAL,2963
DNER,2963
BTAF1,2965
SLC9C2,2963
PAIP2,2963
SNTG1,2964
TRAJ36,2964
ZMAT1,2964
ENSG00000272647,2964
REX1BD,2965
ENSG00000254979,2963
ABCA2,2964
PDP1,2963
DNAH7,2962
ZZEF1,2965
MAGOHB,2964
ARIH1,2964
HEATR5A,2963
ONECUT2,2963
DCK,2964
STK26,2966
ENSG00000188223,2963
FYCO1,2964
USP34,2964
GOLGA8K,2966
TH,2963
MTMR8,2964
SDHD,2963
CHPF2,2963
TUBA3D,2963
VCX3A,2963
C11orf71,2964
CST8,2964
TMEM271,2965
RASGEF1C,2963
PDE2A,2965
ENSG00000260170,2963
SYTL2,2963
PSMG3,2964
UNC93A,2966
MYLK,2963
AIMP2,2964
NECAP2,2964
MUCL1,2963
ZPBP2,2962
ATP6V1G2-DDX39B,2964
ENSG00000257355,2964
GIMD1,2963
PLPPR4,2964
ADAD1,2963
LRRC4C,2964
ENSG00000288000,2963
CTH,2964
ACVR1C,2964
YPEL5,2962
C2orf92,2963
UFD1,2964
TECPR2,2964
THG1L,2964
HES2,2963
ALKAL1,2963
MAGEB16,2965
ENSG00000254553,2963
ENSG00000284762,2963
ENSG00000286221,2963
TCP11,2963
IGKV2D-24,2964
C7orf33,2964
ENSG00000288570,2963
AP4B1,2963
KRT79,2964
GALNT10,2962
ENSG00000250803,2963
KIF27,2965
PIK3C2B,2962
RORB,2964
GPR37L1,2963
ADAMTS6,2963
UFC1,2963
RPAP2,2963
METAP1,2965
KLHL2,2963
CHRND,2963
ZFY,2963
XKRX,2964
ENSG00000283782,2963
KLF8,2964
ZNF354B,2964
TTC33,2963
CITED4,2964
PRAMEF9,2963
SNX25,2963
ACTR5,2965
THEMIS,2965
HEPN1,2964
TAAR2,2962
MSRB1,2963
PRMT3,2965
ENSG00000283149,2964
BST2,2965
BIRC5,2963
NUDT16L1,2964
CPEB2,2964
ENSG00000284874,2963
TMEM107,2962
FRA10AC1,2964
SLC37A2,2963
TSFM,2962
PWWP3A,2964
ZMYND12,2961
ACSL6,2965
GALC,2965
RRP36,2964
IGHJ3,2963
CDO1,2965
TFAP2C,2963
APOBEC3G,2965
COG5,2963
IGSF5,2963
WDR13,2964
TBL1Y,2963
SPDL1,2965
OR2A7,2963
FOSB,2965
SLC25A16,2964
IGHV1OR21-1,2962
RAB3D,2965
HAMP,2963
ECT2,2963
MAP3K7,2963
IGHJ5,2964
NLRC5,2963
TMIGD2,2964
BNC1,2964
HFE,2965
ENSG00000261832,2963
OR5P3,2963
MT1HL1,2963
ENSG00000258529,2963
OR2V1,2963
ARFGAP3,2965
ZFYVE19,2964
AP2M1,2963
HDDC3,2962
RPL37,2963
LIN52,2963
SF3B1,2964
DHH,2964
APOBEC2,2964
PLEKHG7,2964
ENSG00000257767,2963
TGFBR3,2964
KIF11,2963
TAS2R42,2964
TYRO3,2963
FCGBP,2964
ENSG00000285471,2964
CACNA2D3,2963
CD2,2964
RNF223,2963
IHH,2962
EPB41L4A,2962
OR11H6,2963
GAL3ST3,2964
XAGE1B,2962
GRAP,2963
SMAD5,2964
NUDT6,2962
LRPAP1,2965
ZNF385C,2964
PTPRM,2965
ENSG00000277535,2963
FEZF2,2963
CRH,2964
SLC2A3,2963
MLXIP,2963
NEFL,2963
TMEM214,2963
TSG101,2964
SLAMF1,2963
NTHL1,2963
FDFT1,2964
APTX,2962
CISD1,2963
SLC6A16,2964
TAF5,2964
FAM205A,2964
ENSG00000271810,2963
HOXC5,2964
ATP5MF,2965
SIT1,2964
PDLIM1,2964
KCNA1,2963
DGKK,2963
ANKRD50,2967
DEFB128,2963
TEX35,2963
MRRF,2964
FAM135A,2964
C4orf51,2965
MRPL32,2963
ENSG00000283663,2964
IRAK4,2963
CDK5,2963
DEXI,2964
TIMP2,2962
ZC2HC1C,2964
SELPLG,2963
PCYT2,2965
ARL14EPL,2964
SMC4,2963
GDF9,2964
BPIFB1,2962
ENSG00000269035,2965
C2orf73,2964
SHC4,2963
CHRNB2,2965
MFSD14A,2962
FAM160B2,2962
FGF21,2964
RNF141,2964
C19orf85,2963
TRAF1,2965
SH2D3C,2963
SMC2,2963
NAT8,2962
APPBP2,2963
PCBP2,2962
MAPK9,2963
PLP1,2963
EEF2,2962
EPYC,2964
CRB2,2964
CEP350,2963
CCDC17,2964
RRNAD1,2963
FBL,2963
ZNF562,2965
TNFAIP3,2964
MTSS2,2965
TCF7L2,2963
TOMM5,2965
CRX,2963
SMC1B,2963
DPP10,2965
KCTD4,2964
ENSG00000286135,2964
CRK,2965
BCL6B,2964
HDLBP,2964
BRI3,2963
TM6SF1,2964
CHRNA9,2963
ENSG00000259753,2965
FXR1,2965
TPPP2,2963
TRPC3,2963
MID1IP1,2963
TAS2R9,2964
TRIP13,2963
MYCN,2964
CTPS2,2965
CASK,2966
TRAK2,2965
MTUS1,2964
C17orf80,2963
CLCN1,2964
HSD17B1,2965
SULT1C3,2965
SNRPD1,2965
IL21,2964
PACC1,2963
DEFB118,2965
C4orf48,2963
VPS9D1,2964
EFCAB1,2963
SP9,2962
CYP2J2,2964
UBR3,2963
KANSL3,2964
WNT8A,2964
IGKV1-37,2963
SLC5A10,2963
TRAC,2964
NIF3L1,2963
DGAT2,2963
FFAR2,2964
USP17L2,2963
RIMBP3C,2963
LCN9,2965
ANXA13,2962
HIRA,2965
SVOPL,2965
MORN4,2964
DIP2B,2963
CCDC28B,2963
DENND4C,2963
LINC02218,2962
GTPBP6,2965
UROC1,2963
ATRAID,2963
IL36G,2962
PCDHB13,2964
ENSG00000284686,2964
TRIM41,2964
PMVK,2965
ACOT9,2965
ZNF84,2963
GDF5,2964
DSG4,2964
OLFM1,2963
SKOR2,2964
RHBDD2,2963
ENSG00000259916,2963
BCL7B,2964
UTP25,2963
PACS1,2963
PRRT1B,2963
ANKRD18B,2963
ZNF135,2965
NOXA1,2964
ATF6,2963
CHAF1A,2963
SEMA7A,2963
ZNF484,2962
OR1L1,2963
ENSG00000283580,2963
SYPL2,2963
CD81,2963
LURAP1,2964
SOSTDC1,2964
ENSG00000272897,2963
TRAJ14,2964
PCDHGA7,2963
AADAC,2964
PRICKLE2,2963
PCDHGA10,2962
EFEMP2,2963
MYPOP,2965
ZNF580,2963
ZNF233,2963
ZNF660,2964
KIRREL3,2964
ZNF813,2963
NUDT4,2965
TMEM171,2964
ALKAL2,2964
SP1,2963
PDIA3,2965
MRPS5,2963
ZC3H7A,2963
TAS2R10,2965
VPS13A,2964
CD6,2964
OR10A3,2964
GLS2,2962
RAB19,2963
TRIM25,2964
NONO,2962
ENSG00000261582,2962
LYRM7,2962
ENSG00000284686,2963
PTAR1,2963
EGFL6,2963
ENSG00000285723,2964
HSD17B7,2962
DCAKD,2963
BTN2A1,2964
PSMB11,2965
ZNF223,2964
SDC2,2963
CLTA,2963
KIF6,2963
STEAP2,2964
RAD21,2963
ENSG00000266953,2963
ACBD7,2964
PDCL,2964
TAB1,2963
HOXC11,2964
TMEM236,2964
ENSG00000286132,2963
TRIM14,2965
ITLN2,2964
AKAP4,2963
CCDC105,2964
SMIM38,2965
EIF2B2,2963
ENSG00000273049,2963
JAM3,2963
POC1A,2963
ENSG00000226490,2963
ENSG00000283205,2963
ERCC1,2963
ENSG00000275464,2963
RHOXF2,2964
SCGB1D4,2964
MBOAT4,2964
ENSG00000262660,2963
C4orf45,2965
TMEM127,2963
CPNE4,2964
SKI,2965
DCSTAMP,2964
GRIA1,2964
SLC44A4,2963
AKR7A2,2964
DSC1,2964
ADAT2,2964
S1PR2,2964
GZF1,2963
ENSG00000259753,2963
ALG8,2963
UBE2V2,2964
C8orf89,2965
CCDC148,2963
FBN1,2963
SERBP1,2964
ARL15,2964
ZCCHC10,2963
TRAJ33,2964
ZNF48,2965
ZBTB11,2962
SLC29A1,2964
PTEN,2964
TSTD2,2965
SPRN,2964
CEP85L,2962
SLC50A1,2964
LAPTM4B,2963
TCEANC2,2964
UBE2K,2965
PTTG1IP,2963
N4BP2,2964
SLC35D3,2965
HAS3,2964
ENSG00000260092,2964
IGHV1-69-2,2965
ARF4,2964
C6orf118,2962
CTXND1,2964
KLF17,2963
ENSG00000262633,2963
PBX1,2963
ENSG00000282218,2964
ATP6V0A2,2964
GTF3C1,2963
EID2B,2964
ARHGAP22,2963
SLC31A2,2964
ODAD2,2965
DDX6,2965
SUSD6,2963
TRAJ28,2963
OR4A15,2963
JAZF1,2963
ENSG00000258691,2963
KCNK2,2964
A3GALT2,2964
SYT12,2964
KRTAP17-1,2964
LGALS2,2963
SLC25A14,2963
MUTYH,2964
ZNF793,2964
NT5DC4,2964
GPAT2,2962
REG3G,2966
FAM81B,2964
TSPY10,2964
C15orf62,2963
BTBD7,2963
MRFAP1,2964
TSPAN17,2965
FAM131B,2964
MTCH2,2963
SYTL4,2964
PCSK7,2964
LEPROTL1,2966
AARD,2964
ENSG00000254553,2963
ENSG00000285171,2963
OPN3,2963
CDK19,2963
LCE6A,2965
ZNF398,2964
NCAM1,2964
HSPB8,2962
LRIT2,2964
TRIQK,2964
MOV10L1,2965
SCNN1D,2963
OR2C1,2964
MT1E,2962
CPM,2964
MRPS18B,2964
GJA8,2963
PBX3,2963
SLC25A25,2964
SCT,2963
ENSG00000258653,2965
TMEM53,2964
PRR16,2963
TRMT6,2963
TNFRSF4,2964
GPR152,2964
CALHM1,2962
C11orf94,2962
FKBP14,2964
AADACL4,2964
SARS1,2963
TRAJ29,2962
CAV3,2964
UNC13C,2964
ZNF470,2963
MYH13,2964
SRRM5,2963
ENSG00000285723,2963
ENSG00000264324,2963
FAM47E-STBD1,2965
NDUFA8,2964
PMAIP1,2963
ENSG00000262660,2964
GMFB,2965
CNGA4,2964
C3,2963
NOS1AP,2965
RTN4RL1,2964
UGT2B10,2965
DDB2,2963
TCHHL1,2964
PPID,2963
TIGD7,2963
SMIM1,2963
MYRIP,2962
ENSG00000275674,2963
MAP3K12,2965
FRY,2964
FAM43A,2964
MTOR,2965
DAO,2963
ZER1,2964
GBX2,2964
TXNDC15,2963
CHRDL2,2963
MAGEE2,2963
ENSG00000286239,2962
TFB1M,2963
CCDC195,2965
ZFAND4,2964
THUMPD3,2965
UGT2B15,2964
ELMO1,2963
C11orf58,2964
KCP,2962
SIGLEC11,2964
INO80C,2963
ACVRL1,2964
NR5A1,2963
RDH12,2964
TNFAIP8L3,2965
OR2B2,2963
FOXD3,2965
ENSG00000261884,2963
DDAH1,2965
CNR2,2964
NAIF1,2964
STK31,2962
PCNA,2963
LLGL1,2963
ENSG00000286192,2963
ARPC5L,2964
DEGS1,2963
NCCRP1,2963
OR5B17,2964
PPP1R8,2965
PPP1R10,2964
CXCL5,2964
HIGD2B,2963
SIDT2,2963
SLC25A19,2962
FARP1,2964
PEX16,2963
ZNF384,2963
ENSG00000284686,2963
MXD1,2962
BAD,2964
ITM2C,2963
PASD1,2964
ZNF585A,2963
CALB1,2963
SLC47A1,2963
ENSG00000288208,2963
CDX4,2963
ENSG00000284686,2963
TPCN1,2963
PPDPFL,2964
TP53RK,2964
PRKAR2B,2964
ARHGEF6,2964
KIF24,2963
TRGV1,2965
ENSG00000258653,2963
ACSS1,2966
C11orf65,2963
NOP53,2964
PMS1,2963
NLRP13,2964
H3-3B,2963
IRX6,2963
GNPDA1,2965
XDH,2965
ENSG00000283228,2963
IL9R,2964
ENSG00000259916,2964
ENSG00000256349,2964
APOL5,2964
GALNT2,2962
IQSEC2,2964
FAM177A1,2964
TSTD1,2964
IGHV1-3,2965
CACNA2D4,2964
SPATA9,2964
SMIM23,2965
SP3,2963
SPATA7,2964
MST1,2964
FER1L5,2963
ELL3,2963
OR2L8,2963
TRGV5,2962
PRMT7,2965
PIN1,2964
ACTR10,2964
GNAS,2964
CRACD,2964
SLAMF6,2963
GATAD2A,2962
CREG1,2964
OR4E1,2963
UGT2A2,2963
ZNF143,2965
LOXL1,2961
ADGRB2,2965
ENSG00000261130,2963
PMP2,2964
FABP2,2964
SOCS4,2964
ENSG00000267360,2964
ENSG00000262660,2963
FOXP2,2965
NFKBIA,2964
ENSG00000284526,2963
MPLKIP,2965
RNF152,2963
TDRD12,2963
BZW2,2963
TRPT1,2963
UMOD,2965
ZFP1,2965
MS4A14,2964
TM4SF4,2963
ZNF114,2964
FRMD6,2963
RERG,2963
WFDC10A,2963
STEEP1,2962
IFFO1,2964
DUSP2,2965
TTPAL,2963
FN3KRP,2964
KCNJ3,2964
AKR1C1,2964
MBD3L5,2963
GML,2963
DMTN,2963
MAFF,2963
ADRM1,2964
PKNOX2,2966
FKBP15,2963
ENSG00000260170,2964
GUCA2B,2963
SPDYE1,2963
DAW1,2962
TRAPPC9,2964
FAM221A,2964
ENSG00000272297,2964
SLC6A2,2963
LUM,2963
ZC3H12D,2963
TMEM108,2963
FAM246A,2963
DIPK1C,2963
SEC31B,2963
ENSG00000258989,2963
PTPRG,2964
PEPD,2963
SLC35G3,2963
LSR,2965
HIKESHI,2963
PABPC3,2964
VEGFA,2964
SLC38A5,2963
FAF2,2964
KIAA0825,2963
PCID2,2963
GAR1,2963
PTP4A2,2963
CDCP2,2964
ZNF668,2962
ARX,2964
SMYD4,2964
NOXRED1,2964
CBFA2T3,2963
TRAJ43,2964
ENSG00000272305,2963
UVSSA,2963
PCDHGB7,2964
MYO7B,2964
PCYOX1,2965
KRT13,2964
DPP6,2965
NUTM2A,2963
USP16,2963
ENSG00000283149,2963
RNF135,2964
MAST2,2963
PLPBP,2964
DHX32,2964
NOG,2963
CD58,2964
NAGLU,2962
ENSG00000284299,2964
PHKA2,2964
IGHG2,2965
USP9X,2964
FOXD4L3,2961
FAM104A,2963
RNF180,2963
MYL3,2963
ENSG00000285547,2964
CYP4F22,2963
CAPN5,2965
GNB3,2963
FAM153B,2965
TRGV10,2965
EWSR1,2964
CSN2,2963
PCDH8,2963
MAP2K3,2963
RERE,2961
KRTAP5-6,2965
GZMM,2963
KNOP1,2963
ENSG00000286135,2963
CACNA2D2,2963
IGLV3-32,2963
ZNF25,2963
ARL17B,2964
DUSP12,2964
RP9,2964
CELF5,2962
DRAP1,2963
ANO1,2964
HNRNPUL2,2963
SCARB1,2962
OR10G3,2964
SH3PXD2B,2965
ENPP3,2965
CRHR1,2965
FLYWCH2,2963
ITGB1BP2,2963
RPS6KA2,2964
CELF2,2963
ALG9,2964
C1QTNF6,2964
PVALB,2963
GOSR1,2962
GATB,2962
POPDC3,2963
KBTBD12,2965
MT1A,2964
BTG2,2964
CASKIN1,2963
DNAI4,2963
OSTF1,2962
JAK1,2964
SH2B1,2963
LECT2,2965
ZRANB3,2963
ENSG00000268361,2963
HSPA14,2963
TUBB2A,2963
LMOD1,2964
PCGF5,2963
FAM166C,2962
HOXC13,2963
S100PBP,2964
VILL,2964
PES1,2964
AOX1,2964
CBY1,2964
GRIK4,2964
SMARCA5,2965
SMS,2963
ENSG00000250803,2963
ENSG00000131152,2964
PLCB4,2965
NRSN1,2962
SNU13,2964
DHFR2,2963
PPFIA2,2964
ENSG00000248751,2963
ZFP14,2963
ENSG00000271810,2963
SLFN14,2965
CAMSAP3,2963
COL4A6,2963
CLTB,2964
PAFAH2,2964
ZNF665,2965
MYT1,2963
ENSG00000257767,2963
REEP2,2964
MCUB,2964
MOB1B,2962
MYADML2,2963
SCAMP4,2965
NBPF12,2964
SLC5A9,2964
OXCT1,2965
PRSS58,2964
KRTAP12-2,2965
ANO7,2963
PRKG2,2963
P2RX7,2963
ADORA1,2963
BHLHE23,2962
PDZK1IP1,2963
IGF1R,2964
MYO1C,2964
SMUG1,2963
C3orf62,2964
CLEC18C,2964
IGKV2-28,2963
ZNF226,2964
LIPK,2963
ANKRD39,2963
OR5BS1P,2963
GATD1,2963
PNPLA2,2963
UBA52,2964
RNF130,2963
ENSG00000250803,2964
ODF3,2964
BEND7,2962
XYLB,2963
PIWIL2,2966
SPTY2D1OS,2965
FAM71F1,2962
AMZ1,2963
LHFPL6,2963
CLEC9A,2963
CYRIB,2965
CCND3,2965
NEUROD2,2965
POLQ,2964
MRPS14,2964
ENSG00000256500,2963
LRRC30,2964
MERTK,2964
TRAJ48,2962
DNAJB14,2963
UXS1,2964
SYTL3,2964
CCDC88B,2964
OR8B2,2965
CHST8,2964
DDX53,2964
GABARAP,2963
LIMD2,2964
ZBTB16,2962
TRIM32,2963
SLC19A1,2964
TYW1,2962
OSGEP,2963
VPS25,2963
BTBD1,2964
USP17L19,2963
KRTAP4-6,2966
MYH1,2962
IGKV3-20,2964
ENTHD1,2964
KALRN,2963
HAUS6,2963
SPAG4,2965
P2RY8,2964
TCTN3,2962
ENSG00000258529,2963
STIP1,2964
RBM15,2964
DNAH6,2963
CLCN4,2963
PHF20L1,2962
CASKIN2,2962
ENSG00000273047,2963
